<?xml version="1.0" encoding="UTF-8" standalone="no"?><iva><TipoIDInformante>R</TipoIDInformante><IdInformante>1718934431001</IdInformante><razonSocial>CANIZARES JARAMILLO EDGAR ROBERTO</razonSocial><Anio>2016</Anio><Mes>04</Mes><numEstabRuc>001</numEstabRuc><totalVentas>26700.00</totalVentas><codigoOperativo>IVA</codigoOperativo><compras><detalleCompras><codSustento>01</codSustento><tpIdProv>01</tpIdProv><idProv>0992449136001</idProv><tipoComprobante>01</tipoComprobante><parteRel>NO</parteRel><fechaRegistro>21/04/2016</fechaRegistro><establecimiento>001</establecimiento><puntoEmision>001</puntoEmision><secuencial>000000192</secuencial><fechaEmision>21/04/2016</fechaEmision><autorizacion>2104201612363509924491360016338060561</autorizacion><baseNoGraIva>0.00</baseNoGraIva><baseImponible>0.00</baseImponible><baseImpGrav>9100.00</baseImpGrav><baseImpExe>0.00</baseImpExe><montoIce>0.00</montoIce><montoIva>1092.00</montoIva><valRetBien10>0.00</valRetBien10><valRetServ20>0.00</valRetServ20><valorRetBienes>0.00</valorRetBienes><valorRetServicios>0.00</valorRetServicios><valRetServ100>0.00</valRetServ100><totbasesImpReemb>9100.00</totbasesImpReemb><pagoExterior><pagoLocExt>01</pagoLocExt><paisEfecPago>NA</paisEfecPago><aplicConvDobTrib>NA</aplicConvDobTrib><pagExtSujRetNorLeg>NA</pagExtSujRetNorLeg><pagoRegFis>NA</pagoRegFis></pagoExterior><formasDePago><formaPago>01</formaPago></formasDePago><air><detalleAir><codRetAir>312</codRetAir><baseImpAir>9100.00</baseImpAir><porcentajeAir>1.00</porcentajeAir><valRetAir>91.00</valRetAir></detalleAir></air><estabRetencion1>001</estabRetencion1><ptoEmiRetencion1>001</ptoEmiRetencion1><secRetencion1>000002214</secRetencion1><autRetencion1>1118395995</autRetencion1><fechaEmiRet1>21/04/2016</fechaEmiRet1></detalleCompras><detalleCompras><codSustento>01</codSustento><tpIdProv>01</tpIdProv><idProv>1719389973001</idProv><tipoComprobante>01</tipoComprobante><parteRel>NO</parteRel><fechaRegistro>20/04/2016</fechaRegistro><establecimiento>001</establecimiento><puntoEmision>001</puntoEmision><secuencial>0000266</secuencial><fechaEmision>20/04/2016</fechaEmision><autorizacion>1116799692</autorizacion><baseNoGraIva>0.00</baseNoGraIva><baseImponible>0.00</baseImponible><baseImpGrav>267.00</baseImpGrav><baseImpExe>0.00</baseImpExe><montoIce>0.00</montoIce><montoIva>32.04</montoIva><valRetBien10>0.00</valRetBien10><valRetServ20>0.00</valRetServ20><valorRetBienes>0.00</valorRetBienes><valorRetServicios>22.43</valorRetServicios><valRetServ100>0.00</valRetServ100><totbasesImpReemb>267.00</totbasesImpReemb><pagoExterior><pagoLocExt>01</pagoLocExt><paisEfecPago>NA</paisEfecPago><aplicConvDobTrib>NA</aplicConvDobTrib><pagExtSujRetNorLeg>NA</pagExtSujRetNorLeg><pagoRegFis>NA</pagoRegFis></pagoExterior><air><detalleAir><codRetAir>344</codRetAir><baseImpAir>267.00</baseImpAir><porcentajeAir>2.00</porcentajeAir><valRetAir>5.34</valRetAir></detalleAir></air><estabRetencion1>001</estabRetencion1><ptoEmiRetencion1>001</ptoEmiRetencion1><secRetencion1>000002236</secRetencion1><autRetencion1>1118395995</autRetencion1><fechaEmiRet1>20/04/2016</fechaEmiRet1></detalleCompras><detalleCompras><codSustento>01</codSustento><tpIdProv>01</tpIdProv><idProv>1792077826001</idProv><tipoComprobante>01</tipoComprobante><parteRel>NO</parteRel><fechaRegistro>04/04/2016</fechaRegistro><establecimiento>001</establecimiento><puntoEmision>001</puntoEmision><secuencial>000000616</secuencial><fechaEmision>04/04/2016</fechaEmision><autorizacion>1116730584</autorizacion><baseNoGraIva>0.00</baseNoGraIva><baseImponible>0.00</baseImponible><baseImpGrav>2000.00</baseImpGrav><baseImpExe>0.00</baseImpExe><montoIce>0.00</montoIce><montoIva>240.00</montoIva><valRetBien10>0.00</valRetBien10><valRetServ20>0.00</valRetServ20><valorRetBienes>0.00</valorRetBienes><valorRetServicios>0.00</valorRetServicios><valRetServ100>0.00</valRetServ100><totbasesImpReemb>2000.00</totbasesImpReemb><pagoExterior><pagoLocExt>01</pagoLocExt><paisEfecPago>NA</paisEfecPago><aplicConvDobTrib>NA</aplicConvDobTrib><pagExtSujRetNorLeg>NA</pagExtSujRetNorLeg><pagoRegFis>NA</pagoRegFis></pagoExterior><formasDePago><formaPago>01</formaPago></formasDePago><air><detalleAir><codRetAir>344</codRetAir><baseImpAir>2000.00</baseImpAir><porcentajeAir>2.00</porcentajeAir><valRetAir>40.00</valRetAir></detalleAir></air><estabRetencion1>001</estabRetencion1><ptoEmiRetencion1>001</ptoEmiRetencion1><secRetencion1>000002207</secRetencion1><autRetencion1>1118395995</autRetencion1><fechaEmiRet1>04/04/2016</fechaEmiRet1></detalleCompras><detalleCompras><codSustento>01</codSustento><tpIdProv>01</tpIdProv><idProv>1714884705001</idProv><tipoComprobante>01</tipoComprobante><parteRel>NO</parteRel><fechaRegistro>08/04/2016</fechaRegistro><establecimiento>001</establecimiento><puntoEmision>001</puntoEmision><secuencial>000000736</secuencial><fechaEmision>08/04/2016</fechaEmision><autorizacion>1118392364</autorizacion><baseNoGraIva>0.00</baseNoGraIva><baseImponible>0.00</baseImponible><baseImpGrav>58.04</baseImpGrav><baseImpExe>0.00</baseImpExe><montoIce>0.00</montoIce><montoIva>6.96</montoIva><valRetBien10>0.00</valRetBien10><valRetServ20>0.00</valRetServ20><valorRetBienes>0.00</valorRetBienes><valorRetServicios>0.00</valorRetServicios><valRetServ100>0.00</valRetServ100><totbasesImpReemb>58.04</totbasesImpReemb><pagoExterior><pagoLocExt>01</pagoLocExt><paisEfecPago>NA</paisEfecPago><aplicConvDobTrib>NA</aplicConvDobTrib><pagExtSujRetNorLeg>NA</pagExtSujRetNorLeg><pagoRegFis>NA</pagoRegFis></pagoExterior><air><detalleAir><codRetAir>332</codRetAir><baseImpAir>58.04</baseImpAir><porcentajeAir>0.00</porcentajeAir><valRetAir>0.00</valRetAir></detalleAir></air></detalleCompras><detalleCompras><codSustento>01</codSustento><tpIdProv>01</tpIdProv><idProv>1791774582001</idProv><tipoComprobante>01</tipoComprobante><parteRel>NO</parteRel><fechaRegistro>13/04/2016</fechaRegistro><establecimiento>006</establecimiento><puntoEmision>001</puntoEmision><secuencial>0066127</secuencial><fechaEmision>13/04/2016</fechaEmision><autorizacion>1118275034</autorizacion><baseNoGraIva>0.00</baseNoGraIva><baseImponible>0.00</baseImponible><baseImpGrav>26.79</baseImpGrav><baseImpExe>0.00</baseImpExe><montoIce>0.00</montoIce><montoIva>3.21</montoIva><valRetBien10>0.00</valRetBien10><valRetServ20>0.00</valRetServ20><valorRetBienes>0.00</valorRetBienes><valorRetServicios>0.00</valorRetServicios><valRetServ100>0.00</valRetServ100><totbasesImpReemb>26.79</totbasesImpReemb><pagoExterior><pagoLocExt>01</pagoLocExt><paisEfecPago>NA</paisEfecPago><aplicConvDobTrib>NA</aplicConvDobTrib><pagExtSujRetNorLeg>NA</pagExtSujRetNorLeg><pagoRegFis>NA</pagoRegFis></pagoExterior><air><detalleAir><codRetAir>332</codRetAir><baseImpAir>26.79</baseImpAir><porcentajeAir>0.00</porcentajeAir><valRetAir>0.00</valRetAir></detalleAir></air></detalleCompras><detalleCompras><codSustento>01</codSustento><tpIdProv>01</tpIdProv><idProv>1713169165001</idProv><tipoComprobante>01</tipoComprobante><parteRel>NO</parteRel><fechaRegistro>09/04/2016</fechaRegistro><establecimiento>001</establecimiento><puntoEmision>001</puntoEmision><secuencial>000162804</secuencial><fechaEmision>09/04/2016</fechaEmision><autorizacion>1118414282</autorizacion><baseNoGraIva>0.00</baseNoGraIva><baseImponible>0.00</baseImponible><baseImpGrav>296.86</baseImpGrav><baseImpExe>0.00</baseImpExe><montoIce>0.00</montoIce><montoIva>35.62</montoIva><valRetBien10>0.00</valRetBien10><valRetServ20>0.00</valRetServ20><valorRetBienes>0.00</valorRetBienes><valorRetServicios>0.00</valorRetServicios><valRetServ100>0.00</valRetServ100><totbasesImpReemb>296.86</totbasesImpReemb><pagoExterior><pagoLocExt>01</pagoLocExt><paisEfecPago>NA</paisEfecPago><aplicConvDobTrib>NA</aplicConvDobTrib><pagExtSujRetNorLeg>NA</pagExtSujRetNorLeg><pagoRegFis>NA</pagoRegFis></pagoExterior><air><detalleAir><codRetAir>332</codRetAir><baseImpAir>296.86</baseImpAir><porcentajeAir>0.00</porcentajeAir><valRetAir>0.00</valRetAir></detalleAir></air></detalleCompras><detalleCompras><codSustento>01</codSustento><tpIdProv>01</tpIdProv><idProv>1714173158001</idProv><tipoComprobante>01</tipoComprobante><parteRel>NO</parteRel><fechaRegistro>22/04/2016</fechaRegistro><establecimiento>001</establecimiento><puntoEmision>001</puntoEmision><secuencial>0000305</secuencial><fechaEmision>22/04/2016</fechaEmision><autorizacion>1117910541</autorizacion><baseNoGraIva>0.00</baseNoGraIva><baseImponible>0.00</baseImponible><baseImpGrav>120.00</baseImpGrav><baseImpExe>0.00</baseImpExe><montoIce>0.00</montoIce><montoIva>14.40</montoIva><valRetBien10>0.00</valRetBien10><valRetServ20>0.00</valRetServ20><valorRetBienes>0.00</valorRetBienes><valorRetServicios>10.08</valorRetServicios><valRetServ100>0.00</valRetServ100><totbasesImpReemb>120.00</totbasesImpReemb><pagoExterior><pagoLocExt>01</pagoLocExt><paisEfecPago>NA</paisEfecPago><aplicConvDobTrib>NA</aplicConvDobTrib><pagExtSujRetNorLeg>NA</pagExtSujRetNorLeg><pagoRegFis>NA</pagoRegFis></pagoExterior><air><detalleAir><codRetAir>344</codRetAir><baseImpAir>120.00</baseImpAir><porcentajeAir>2.00</porcentajeAir><valRetAir>2.40</valRetAir></detalleAir></air><estabRetencion1>001</estabRetencion1><ptoEmiRetencion1>001</ptoEmiRetencion1><secRetencion1>000002209</secRetencion1><autRetencion1>1118395995</autRetencion1><fechaEmiRet1>22/04/2016</fechaEmiRet1></detalleCompras><detalleCompras><codSustento>01</codSustento><tpIdProv>01</tpIdProv><idProv>0401187273001</idProv><tipoComprobante>01</tipoComprobante><parteRel>NO</parteRel><fechaRegistro>18/04/2016</fechaRegistro><establecimiento>001</establecimiento><puntoEmision>001</puntoEmision><secuencial>0000284</secuencial><fechaEmision>18/04/2016</fechaEmision><autorizacion>1118072126</autorizacion><baseNoGraIva>0.00</baseNoGraIva><baseImponible>0.00</baseImponible><baseImpGrav>200.00</baseImpGrav><baseImpExe>0.00</baseImpExe><montoIce>0.00</montoIce><montoIva>24.00</montoIva><valRetBien10>0.00</valRetBien10><valRetServ20>0.00</valRetServ20><valorRetBienes>0.00</valorRetBienes><valorRetServicios>16.86</valorRetServicios><valRetServ100>0.00</valRetServ100><totbasesImpReemb>200.00</totbasesImpReemb><pagoExterior><pagoLocExt>01</pagoLocExt><paisEfecPago>NA</paisEfecPago><aplicConvDobTrib>NA</aplicConvDobTrib><pagExtSujRetNorLeg>NA</pagExtSujRetNorLeg><pagoRegFis>NA</pagoRegFis></pagoExterior><air><detalleAir><codRetAir>344</codRetAir><baseImpAir>200.00</baseImpAir><porcentajeAir>2.00</porcentajeAir><valRetAir>4.00</valRetAir></detalleAir></air><estabRetencion1>001</estabRetencion1><ptoEmiRetencion1>001</ptoEmiRetencion1><secRetencion1>000002210</secRetencion1><autRetencion1>1118395995</autRetencion1><fechaEmiRet1>18/04/2016</fechaEmiRet1></detalleCompras><detalleCompras><codSustento>01</codSustento><tpIdProv>01</tpIdProv><idProv>1714884705001</idProv><tipoComprobante>01</tipoComprobante><parteRel>NO</parteRel><fechaRegistro>14/04/2016</fechaRegistro><establecimiento>001</establecimiento><puntoEmision>001</puntoEmision><secuencial>000000740</secuencial><fechaEmision>14/04/2016</fechaEmision><autorizacion>1118392364</autorizacion><baseNoGraIva>0.00</baseNoGraIva><baseImponible>0.00</baseImponible><baseImpGrav>80.45</baseImpGrav><baseImpExe>0.00</baseImpExe><montoIce>0.00</montoIce><montoIva>9.65</montoIva><valRetBien10>0.00</valRetBien10><valRetServ20>0.00</valRetServ20><valorRetBienes>0.00</valorRetBienes><valorRetServicios>0.00</valorRetServicios><valRetServ100>0.00</valRetServ100><totbasesImpReemb>80.45</totbasesImpReemb><pagoExterior><pagoLocExt>01</pagoLocExt><paisEfecPago>NA</paisEfecPago><aplicConvDobTrib>NA</aplicConvDobTrib><pagExtSujRetNorLeg>NA</pagExtSujRetNorLeg><pagoRegFis>NA</pagoRegFis></pagoExterior><air><detalleAir><codRetAir>332</codRetAir><baseImpAir>80.45</baseImpAir><porcentajeAir>0.00</porcentajeAir><valRetAir>0.00</valRetAir></detalleAir></air></detalleCompras><detalleCompras><codSustento>01</codSustento><tpIdProv>01</tpIdProv><idProv>1792277795001</idProv><tipoComprobante>01</tipoComprobante><parteRel>NO</parteRel><fechaRegistro>01/04/2016</fechaRegistro><establecimiento>002</establecimiento><puntoEmision>001</puntoEmision><secuencial>00024701</secuencial><fechaEmision>01/04/2016</fechaEmision><autorizacion>1118252525</autorizacion><baseNoGraIva>0.00</baseNoGraIva><baseImponible>0.00</baseImponible><baseImpGrav>34.56</baseImpGrav><baseImpExe>0.00</baseImpExe><montoIce>0.00</montoIce><montoIva>4.15</montoIva><valRetBien10>0.00</valRetBien10><valRetServ20>0.00</valRetServ20><valorRetBienes>0.00</valorRetBienes><valorRetServicios>0.00</valorRetServicios><valRetServ100>0.00</valRetServ100><totbasesImpReemb>34.56</totbasesImpReemb><pagoExterior><pagoLocExt>01</pagoLocExt><paisEfecPago>NA</paisEfecPago><aplicConvDobTrib>NA</aplicConvDobTrib><pagExtSujRetNorLeg>NA</pagExtSujRetNorLeg><pagoRegFis>NA</pagoRegFis></pagoExterior><air><detalleAir><codRetAir>332</codRetAir><baseImpAir>34.56</baseImpAir><porcentajeAir>0.00</porcentajeAir><valRetAir>0.00</valRetAir></detalleAir></air></detalleCompras><detalleCompras><codSustento>01</codSustento><tpIdProv>01</tpIdProv><idProv>1708724966001</idProv><tipoComprobante>01</tipoComprobante><parteRel>NO</parteRel><fechaRegistro>21/04/2016</fechaRegistro><establecimiento>001</establecimiento><puntoEmision>001</puntoEmision><secuencial>00002418</secuencial><fechaEmision>21/04/2016</fechaEmision><autorizacion>1117237503</autorizacion><baseNoGraIva>0.00</baseNoGraIva><baseImponible>40.00</baseImponible><baseImpGrav>444.00</baseImpGrav><baseImpExe>0.00</baseImpExe><montoIce>0.00</montoIce><montoIva>53.28</montoIva><valRetBien10>0.00</valRetBien10><valRetServ20>0.00</valRetServ20><valorRetBienes>0.00</valorRetBienes><valorRetServicios>37.29</valorRetServicios><valRetServ100>0.00</valRetServ100><totbasesImpReemb>484.00</totbasesImpReemb><pagoExterior><pagoLocExt>01</pagoLocExt><paisEfecPago>NA</paisEfecPago><aplicConvDobTrib>NA</aplicConvDobTrib><pagExtSujRetNorLeg>NA</pagExtSujRetNorLeg><pagoRegFis>NA</pagoRegFis></pagoExterior><air><detalleAir><codRetAir>344</codRetAir><baseImpAir>444.00</baseImpAir><porcentajeAir>2.00</porcentajeAir><valRetAir>8.88</valRetAir></detalleAir><detalleAir><codRetAir>310</codRetAir><baseImpAir>40.00</baseImpAir><porcentajeAir>1.00</porcentajeAir><valRetAir>0.40</valRetAir></detalleAir></air><estabRetencion1>001</estabRetencion1><ptoEmiRetencion1>001</ptoEmiRetencion1><secRetencion1>000002208</secRetencion1><autRetencion1>1118395995</autRetencion1><fechaEmiRet1>21/04/2016</fechaEmiRet1></detalleCompras><detalleCompras><codSustento>01</codSustento><tpIdProv>01</tpIdProv><idProv>1791256115001</idProv><tipoComprobante>01</tipoComprobante><parteRel>NO</parteRel><fechaRegistro>08/04/2016</fechaRegistro><establecimiento>001</establecimiento><puntoEmision>327</puntoEmision><secuencial>023557932</secuencial><fechaEmision>08/04/2016</fechaEmision><autorizacion>0804201623543017912561150016000810519</autorizacion><baseNoGraIva>0.00</baseNoGraIva><baseImponible>0.00</baseImponible><baseImpGrav>147.69</baseImpGrav><baseImpExe>0.00</baseImpExe><montoIce>0.00</montoIce><montoIva>17.72</montoIva><valRetBien10>0.00</valRetBien10><valRetServ20>0.00</valRetServ20><valorRetBienes>0.00</valorRetBienes><valorRetServicios>0.00</valorRetServicios><valRetServ100>0.00</valRetServ100><totbasesImpReemb>147.69</totbasesImpReemb><pagoExterior><pagoLocExt>01</pagoLocExt><paisEfecPago>NA</paisEfecPago><aplicConvDobTrib>NA</aplicConvDobTrib><pagExtSujRetNorLeg>NA</pagExtSujRetNorLeg><pagoRegFis>NA</pagoRegFis></pagoExterior><air><detalleAir><codRetAir>332</codRetAir><baseImpAir>147.69</baseImpAir><porcentajeAir>0.00</porcentajeAir><valRetAir>0.00</valRetAir></detalleAir></air></detalleCompras><detalleCompras><codSustento>01</codSustento><tpIdProv>01</tpIdProv><idProv>1790041220001</idProv><tipoComprobante>01</tipoComprobante><parteRel>NO</parteRel><fechaRegistro>06/04/2016</fechaRegistro><establecimiento>008</establecimiento><puntoEmision>906</puntoEmision><secuencial>000040377</secuencial><fechaEmision>06/04/2016</fechaEmision><autorizacion>0604201613451317900412200015915467265</autorizacion><baseNoGraIva>0.00</baseNoGraIva><baseImponible>0.00</baseImponible><baseImpGrav>40.82</baseImpGrav><baseImpExe>0.00</baseImpExe><montoIce>0.00</montoIce><montoIva>4.90</montoIva><valRetBien10>0.00</valRetBien10><valRetServ20>0.00</valRetServ20><valorRetBienes>0.00</valorRetBienes><valorRetServicios>0.00</valorRetServicios><valRetServ100>0.00</valRetServ100><totbasesImpReemb>40.82</totbasesImpReemb><pagoExterior><pagoLocExt>01</pagoLocExt><paisEfecPago>NA</paisEfecPago><aplicConvDobTrib>NA</aplicConvDobTrib><pagExtSujRetNorLeg>NA</pagExtSujRetNorLeg><pagoRegFis>NA</pagoRegFis></pagoExterior><air><detalleAir><codRetAir>332</codRetAir><baseImpAir>40.82</baseImpAir><porcentajeAir>0.00</porcentajeAir><valRetAir>0.00</valRetAir></detalleAir></air></detalleCompras><detalleCompras><codSustento>01</codSustento><tpIdProv>01</tpIdProv><idProv>1790041220001</idProv><tipoComprobante>01</tipoComprobante><parteRel>NO</parteRel><fechaRegistro>19/04/2016</fechaRegistro><establecimiento>008</establecimiento><puntoEmision>906</puntoEmision><secuencial>000041474</secuencial><fechaEmision>19/04/2016</fechaEmision><autorizacion>1904201611095717900412200016271811455</autorizacion><baseNoGraIva>0.00</baseNoGraIva><baseImponible>0.00</baseImponible><baseImpGrav>120.58</baseImpGrav><baseImpExe>0.00</baseImpExe><montoIce>0.00</montoIce><montoIva>14.47</montoIva><valRetBien10>0.00</valRetBien10><valRetServ20>0.00</valRetServ20><valorRetBienes>0.00</valorRetBienes><valorRetServicios>0.00</valorRetServicios><valRetServ100>0.00</valRetServ100><totbasesImpReemb>120.58</totbasesImpReemb><pagoExterior><pagoLocExt>01</pagoLocExt><paisEfecPago>NA</paisEfecPago><aplicConvDobTrib>NA</aplicConvDobTrib><pagExtSujRetNorLeg>NA</pagExtSujRetNorLeg><pagoRegFis>NA</pagoRegFis></pagoExterior><air><detalleAir><codRetAir>332</codRetAir><baseImpAir>120.58</baseImpAir><porcentajeAir>0.00</porcentajeAir><valRetAir>0.00</valRetAir></detalleAir></air></detalleCompras><detalleCompras><codSustento>01</codSustento><tpIdProv>01</tpIdProv><idProv>1768154690001</idProv><tipoComprobante>01</tipoComprobante><parteRel>NO</parteRel><fechaRegistro>20/04/2016</fechaRegistro><establecimiento>008</establecimiento><puntoEmision>051</puntoEmision><secuencial>000252026</secuencial><fechaEmision>20/04/2016</fechaEmision><autorizacion>2004201614233817681546900016312582813</autorizacion><baseNoGraIva>0.00</baseNoGraIva><baseImponible>0.00</baseImponible><baseImpGrav>13.39</baseImpGrav><baseImpExe>0.00</baseImpExe><montoIce>0.00</montoIce><montoIva>1.61</montoIva><valRetBien10>0.00</valRetBien10><valRetServ20>0.00</valRetServ20><valorRetBienes>0.00</valorRetBienes><valorRetServicios>0.00</valorRetServicios><valRetServ100>0.00</valRetServ100><totbasesImpReemb>13.39</totbasesImpReemb><pagoExterior><pagoLocExt>01</pagoLocExt><paisEfecPago>NA</paisEfecPago><aplicConvDobTrib>NA</aplicConvDobTrib><pagExtSujRetNorLeg>NA</pagExtSujRetNorLeg><pagoRegFis>NA</pagoRegFis></pagoExterior><air><detalleAir><codRetAir>332</codRetAir><baseImpAir>13.39</baseImpAir><porcentajeAir>0.00</porcentajeAir><valRetAir>0.00</valRetAir></detalleAir></air></detalleCompras><detalleCompras><codSustento>01</codSustento><tpIdProv>01</tpIdProv><idProv>1791256115001</idProv><tipoComprobante>01</tipoComprobante><parteRel>NO</parteRel><fechaRegistro>22/04/2016</fechaRegistro><establecimiento>001</establecimiento><puntoEmision>327</puntoEmision><secuencial>023934175</secuencial><fechaEmision>22/04/2016</fechaEmision><autorizacion>2204201622403717912561150016381592887</autorizacion><baseNoGraIva>0.00</baseNoGraIva><baseImponible>0.00</baseImponible><baseImpGrav>46.32</baseImpGrav><baseImpExe>0.00</baseImpExe><montoIce>0.00</montoIce><montoIva>5.56</montoIva><valRetBien10>0.00</valRetBien10><valRetServ20>0.00</valRetServ20><valorRetBienes>0.00</valorRetBienes><valorRetServicios>0.00</valorRetServicios><valRetServ100>0.00</valRetServ100><totbasesImpReemb>46.32</totbasesImpReemb><pagoExterior><pagoLocExt>01</pagoLocExt><paisEfecPago>NA</paisEfecPago><aplicConvDobTrib>NA</aplicConvDobTrib><pagExtSujRetNorLeg>NA</pagExtSujRetNorLeg><pagoRegFis>NA</pagoRegFis></pagoExterior><air><detalleAir><codRetAir>332</codRetAir><baseImpAir>46.32</baseImpAir><porcentajeAir>0.00</porcentajeAir><valRetAir>0.00</valRetAir></detalleAir></air></detalleCompras><detalleCompras><codSustento>01</codSustento><tpIdProv>01</tpIdProv><idProv>1792291593001</idProv><tipoComprobante>01</tipoComprobante><parteRel>NO</parteRel><fechaRegistro>11/04/2016</fechaRegistro><establecimiento>002</establecimiento><puntoEmision>001</puntoEmision><secuencial>000630340</secuencial><fechaEmision>11/04/2016</fechaEmision><autorizacion>1104201617291217922915930016062088495</autorizacion><baseNoGraIva>0.00</baseNoGraIva><baseImponible>0.00</baseImponible><baseImpGrav>8.93</baseImpGrav><baseImpExe>0.00</baseImpExe><montoIce>0.00</montoIce><montoIva>1.07</montoIva><valRetBien10>0.00</valRetBien10><valRetServ20>0.00</valRetServ20><valorRetBienes>0.00</valorRetBienes><valorRetServicios>0.00</valorRetServicios><valRetServ100>0.00</valRetServ100><totbasesImpReemb>8.93</totbasesImpReemb><pagoExterior><pagoLocExt>01</pagoLocExt><paisEfecPago>NA</paisEfecPago><aplicConvDobTrib>NA</aplicConvDobTrib><pagExtSujRetNorLeg>NA</pagExtSujRetNorLeg><pagoRegFis>NA</pagoRegFis></pagoExterior><air><detalleAir><codRetAir>332</codRetAir><baseImpAir>8.93</baseImpAir><porcentajeAir>0.00</porcentajeAir><valRetAir>0.00</valRetAir></detalleAir></air></detalleCompras><detalleCompras><codSustento>01</codSustento><tpIdProv>01</tpIdProv><idProv>0991320776001</idProv><tipoComprobante>01</tipoComprobante><parteRel>NO</parteRel><fechaRegistro>22/04/2016</fechaRegistro><establecimiento>001</establecimiento><puntoEmision>003</puntoEmision><secuencial>000437538</secuencial><fechaEmision>22/04/2016</fechaEmision><autorizacion>2204201617142009913207760016373784641</autorizacion><baseNoGraIva>0.00</baseNoGraIva><baseImponible>0.00</baseImponible><baseImpGrav>42.86</baseImpGrav><baseImpExe>0.00</baseImpExe><montoIce>0.00</montoIce><montoIva>5.14</montoIva><valRetBien10>0.00</valRetBien10><valRetServ20>0.00</valRetServ20><valorRetBienes>0.00</valorRetBienes><valorRetServicios>0.00</valorRetServicios><valRetServ100>0.00</valRetServ100><totbasesImpReemb>42.86</totbasesImpReemb><pagoExterior><pagoLocExt>01</pagoLocExt><paisEfecPago>NA</paisEfecPago><aplicConvDobTrib>NA</aplicConvDobTrib><pagExtSujRetNorLeg>NA</pagExtSujRetNorLeg><pagoRegFis>NA</pagoRegFis></pagoExterior><air><detalleAir><codRetAir>332</codRetAir><baseImpAir>42.86</baseImpAir><porcentajeAir>0.00</porcentajeAir><valRetAir>0.00</valRetAir></detalleAir></air></detalleCompras><detalleCompras><codSustento>01</codSustento><tpIdProv>01</tpIdProv><idProv>1790041220001</idProv><tipoComprobante>01</tipoComprobante><parteRel>NO</parteRel><fechaRegistro>13/04/2016</fechaRegistro><establecimiento>008</establecimiento><puntoEmision>904</puntoEmision><secuencial>000037806</secuencial><fechaEmision>13/04/2016</fechaEmision><autorizacion>1304201611035217900412200016122021450</autorizacion><baseNoGraIva>0.00</baseNoGraIva><baseImponible>2.79</baseImponible><baseImpGrav>9.97</baseImpGrav><baseImpExe>0.00</baseImpExe><montoIce>0.00</montoIce><montoIva>1.20</montoIva><valRetBien10>0.00</valRetBien10><valRetServ20>0.00</valRetServ20><valorRetBienes>0.00</valorRetBienes><valorRetServicios>0.00</valorRetServicios><valRetServ100>0.00</valRetServ100><totbasesImpReemb>12.76</totbasesImpReemb><pagoExterior><pagoLocExt>01</pagoLocExt><paisEfecPago>NA</paisEfecPago><aplicConvDobTrib>NA</aplicConvDobTrib><pagExtSujRetNorLeg>NA</pagExtSujRetNorLeg><pagoRegFis>NA</pagoRegFis></pagoExterior><air><detalleAir><codRetAir>332</codRetAir><baseImpAir>12.76</baseImpAir><porcentajeAir>0.00</porcentajeAir><valRetAir>0.00</valRetAir></detalleAir></air></detalleCompras><detalleCompras><codSustento>01</codSustento><tpIdProv>01</tpIdProv><idProv>1790041220001</idProv><tipoComprobante>01</tipoComprobante><parteRel>NO</parteRel><fechaRegistro>22/04/2016</fechaRegistro><establecimiento>012</establecimiento><puntoEmision>906</puntoEmision><secuencial>000098086</secuencial><fechaEmision>22/04/2016</fechaEmision><autorizacion>2204201616152217900412200016371823072</autorizacion><baseNoGraIva>0.00</baseNoGraIva><baseImponible>0.00</baseImponible><baseImpGrav>79.12</baseImpGrav><baseImpExe>0.00</baseImpExe><montoIce>0.00</montoIce><montoIva>9.49</montoIva><valRetBien10>0.00</valRetBien10><valRetServ20>0.00</valRetServ20><valorRetBienes>0.00</valorRetBienes><valorRetServicios>0.00</valorRetServicios><valRetServ100>0.00</valRetServ100><totbasesImpReemb>79.12</totbasesImpReemb><pagoExterior><pagoLocExt>01</pagoLocExt><paisEfecPago>NA</paisEfecPago><aplicConvDobTrib>NA</aplicConvDobTrib><pagExtSujRetNorLeg>NA</pagExtSujRetNorLeg><pagoRegFis>NA</pagoRegFis></pagoExterior><air><detalleAir><codRetAir>332</codRetAir><baseImpAir>79.12</baseImpAir><porcentajeAir>0.00</porcentajeAir><valRetAir>0.00</valRetAir></detalleAir></air></detalleCompras><detalleCompras><codSustento>01</codSustento><tpIdProv>01</tpIdProv><idProv>1790041220001</idProv><tipoComprobante>01</tipoComprobante><parteRel>NO</parteRel><fechaRegistro>06/04/2016</fechaRegistro><establecimiento>012</establecimiento><puntoEmision>906</puntoEmision><secuencial>000094935</secuencial><fechaEmision>06/04/2016</fechaEmision><autorizacion>060420161700417900412200015924017297</autorizacion><baseNoGraIva>0.00</baseNoGraIva><baseImponible>0.00</baseImponible><baseImpGrav>12.14</baseImpGrav><baseImpExe>0.00</baseImpExe><montoIce>0.00</montoIce><montoIva>1.46</montoIva><valRetBien10>0.00</valRetBien10><valRetServ20>0.00</valRetServ20><valorRetBienes>0.00</valorRetBienes><valorRetServicios>0.00</valorRetServicios><valRetServ100>0.00</valRetServ100><totbasesImpReemb>12.14</totbasesImpReemb><pagoExterior><pagoLocExt>01</pagoLocExt><paisEfecPago>NA</paisEfecPago><aplicConvDobTrib>NA</aplicConvDobTrib><pagExtSujRetNorLeg>NA</pagExtSujRetNorLeg><pagoRegFis>NA</pagoRegFis></pagoExterior><air><detalleAir><codRetAir>332</codRetAir><baseImpAir>12.14</baseImpAir><porcentajeAir>0.00</porcentajeAir><valRetAir>0.00</valRetAir></detalleAir></air></detalleCompras><detalleCompras><codSustento>01</codSustento><tpIdProv>01</tpIdProv><idProv>1791256115001</idProv><tipoComprobante>01</tipoComprobante><parteRel>NO</parteRel><fechaRegistro>08/04/2016</fechaRegistro><establecimiento>001</establecimiento><puntoEmision>327</puntoEmision><secuencial>023512750</secuencial><fechaEmision>08/04/2016</fechaEmision><autorizacion>0804201623121617912561150015998844746</autorizacion><baseNoGraIva>0.00</baseNoGraIva><baseImponible>0.00</baseImponible><baseImpGrav>35.00</baseImpGrav><baseImpExe>0.00</baseImpExe><montoIce>0.00</montoIce><montoIva>4.20</montoIva><valRetBien10>0.00</valRetBien10><valRetServ20>0.00</valRetServ20><valorRetBienes>0.00</valorRetBienes><valorRetServicios>0.00</valorRetServicios><valRetServ100>0.00</valRetServ100><totbasesImpReemb>35.00</totbasesImpReemb><pagoExterior><pagoLocExt>01</pagoLocExt><paisEfecPago>NA</paisEfecPago><aplicConvDobTrib>NA</aplicConvDobTrib><pagExtSujRetNorLeg>NA</pagExtSujRetNorLeg><pagoRegFis>NA</pagoRegFis></pagoExterior><air><detalleAir><codRetAir>332</codRetAir><baseImpAir>35.00</baseImpAir><porcentajeAir>0.00</porcentajeAir><valRetAir>0.00</valRetAir></detalleAir></air></detalleCompras><detalleCompras><codSustento>01</codSustento><tpIdProv>01</tpIdProv><idProv>1768154690001</idProv><tipoComprobante>01</tipoComprobante><parteRel>NO</parteRel><fechaRegistro>06/04/2016</fechaRegistro><establecimiento>008</establecimiento><puntoEmision>051</puntoEmision><secuencial>000234382</secuencial><fechaEmision>06/04/2016</fechaEmision><autorizacion>0604201613372517681546900015915240356</autorizacion><baseNoGraIva>0.00</baseNoGraIva><baseImponible>0.00</baseImponible><baseImpGrav>2.68</baseImpGrav><baseImpExe>0.00</baseImpExe><montoIce>0.00</montoIce><montoIva>0.32</montoIva><valRetBien10>0.00</valRetBien10><valRetServ20>0.00</valRetServ20><valorRetBienes>0.00</valorRetBienes><valorRetServicios>0.00</valorRetServicios><valRetServ100>0.00</valRetServ100><totbasesImpReemb>2.68</totbasesImpReemb><pagoExterior><pagoLocExt>01</pagoLocExt><paisEfecPago>NA</paisEfecPago><aplicConvDobTrib>NA</aplicConvDobTrib><pagExtSujRetNorLeg>NA</pagExtSujRetNorLeg><pagoRegFis>NA</pagoRegFis></pagoExterior><air><detalleAir><codRetAir>332</codRetAir><baseImpAir>2.68</baseImpAir><porcentajeAir>0.00</porcentajeAir><valRetAir>0.00</valRetAir></detalleAir></air></detalleCompras><detalleCompras><codSustento>01</codSustento><tpIdProv>01</tpIdProv><idProv>0991320776001</idProv><tipoComprobante>01</tipoComprobante><parteRel>NO</parteRel><fechaRegistro>02/04/2016</fechaRegistro><establecimiento>001</establecimiento><puntoEmision>003</puntoEmision><secuencial>000427054</secuencial><fechaEmision>02/04/2016</fechaEmision><autorizacion>0204201622022309913207760015805165301</autorizacion><baseNoGraIva>0.00</baseNoGraIva><baseImponible>0.00</baseImponible><baseImpGrav>41.52</baseImpGrav><baseImpExe>0.00</baseImpExe><montoIce>0.00</montoIce><montoIva>4.98</montoIva><valRetBien10>0.00</valRetBien10><valRetServ20>0.00</valRetServ20><valorRetBienes>0.00</valorRetBienes><valorRetServicios>0.00</valorRetServicios><valRetServ100>0.00</valRetServ100><totbasesImpReemb>41.52</totbasesImpReemb><pagoExterior><pagoLocExt>01</pagoLocExt><paisEfecPago>NA</paisEfecPago><aplicConvDobTrib>NA</aplicConvDobTrib><pagExtSujRetNorLeg>NA</pagExtSujRetNorLeg><pagoRegFis>NA</pagoRegFis></pagoExterior><air><detalleAir><codRetAir>332</codRetAir><baseImpAir>41.52</baseImpAir><porcentajeAir>0.00</porcentajeAir><valRetAir>0.00</valRetAir></detalleAir></air></detalleCompras><detalleCompras><codSustento>01</codSustento><tpIdProv>01</tpIdProv><idProv>1790041220001</idProv><tipoComprobante>01</tipoComprobante><parteRel>NO</parteRel><fechaRegistro>05/04/2016</fechaRegistro><establecimiento>001</establecimiento><puntoEmision>905</puntoEmision><secuencial>000101193</secuencial><fechaEmision>05/04/2016</fechaEmision><autorizacion>0504201614434217900412200015885117010</autorizacion><baseNoGraIva>0.00</baseNoGraIva><baseImponible>0.00</baseImponible><baseImpGrav>17.40</baseImpGrav><baseImpExe>0.00</baseImpExe><montoIce>0.00</montoIce><montoIva>2.09</montoIva><valRetBien10>0.00</valRetBien10><valRetServ20>0.00</valRetServ20><valorRetBienes>0.00</valorRetBienes><valorRetServicios>0.00</valorRetServicios><valRetServ100>0.00</valRetServ100><totbasesImpReemb>17.40</totbasesImpReemb><pagoExterior><pagoLocExt>01</pagoLocExt><paisEfecPago>NA</paisEfecPago><aplicConvDobTrib>NA</aplicConvDobTrib><pagExtSujRetNorLeg>NA</pagExtSujRetNorLeg><pagoRegFis>NA</pagoRegFis></pagoExterior><air><detalleAir><codRetAir>332</codRetAir><baseImpAir>17.40</baseImpAir><porcentajeAir>0.00</porcentajeAir><valRetAir>0.00</valRetAir></detalleAir></air></detalleCompras><detalleCompras><codSustento>01</codSustento><tpIdProv>01</tpIdProv><idProv>0991320776001</idProv><tipoComprobante>01</tipoComprobante><parteRel>NO</parteRel><fechaRegistro>08/04/2016</fechaRegistro><establecimiento>001</establecimiento><puntoEmision>002</puntoEmision><secuencial>000394260</secuencial><fechaEmision>08/04/2016</fechaEmision><autorizacion>0804201608160209913207760015968905097</autorizacion><baseNoGraIva>0.00</baseNoGraIva><baseImponible>0.00</baseImponible><baseImpGrav>13.39</baseImpGrav><baseImpExe>0.00</baseImpExe><montoIce>0.00</montoIce><montoIva>1.61</montoIva><valRetBien10>0.00</valRetBien10><valRetServ20>0.00</valRetServ20><valorRetBienes>0.00</valorRetBienes><valorRetServicios>0.00</valorRetServicios><valRetServ100>0.00</valRetServ100><totbasesImpReemb>13.39</totbasesImpReemb><pagoExterior><pagoLocExt>01</pagoLocExt><paisEfecPago>NA</paisEfecPago><aplicConvDobTrib>NA</aplicConvDobTrib><pagExtSujRetNorLeg>NA</pagExtSujRetNorLeg><pagoRegFis>NA</pagoRegFis></pagoExterior><air><detalleAir><codRetAir>332</codRetAir><baseImpAir>13.39</baseImpAir><porcentajeAir>0.00</porcentajeAir><valRetAir>0.00</valRetAir></detalleAir></air></detalleCompras><detalleCompras><codSustento>01</codSustento><tpIdProv>01</tpIdProv><idProv>1768152560001</idProv><tipoComprobante>01</tipoComprobante><parteRel>NO</parteRel><fechaRegistro>03/04/2016</fechaRegistro><establecimiento>001</establecimiento><puntoEmision>777</puntoEmision><secuencial>031225442</secuencial><fechaEmision>03/04/2016</fechaEmision><autorizacion>080420162340131768152560016000151849</autorizacion><baseNoGraIva>0.00</baseNoGraIva><baseImponible>0.00</baseImponible><baseImpGrav>40.95</baseImpGrav><baseImpExe>0.00</baseImpExe><montoIce>0.00</montoIce><montoIva>4.91</montoIva><valRetBien10>0.00</valRetBien10><valRetServ20>0.00</valRetServ20><valorRetBienes>0.00</valorRetBienes><valorRetServicios>0.00</valorRetServicios><valRetServ100>0.00</valRetServ100><totbasesImpReemb>40.95</totbasesImpReemb><pagoExterior><pagoLocExt>01</pagoLocExt><paisEfecPago>NA</paisEfecPago><aplicConvDobTrib>NA</aplicConvDobTrib><pagExtSujRetNorLeg>NA</pagExtSujRetNorLeg><pagoRegFis>NA</pagoRegFis></pagoExterior><air><detalleAir><codRetAir>332</codRetAir><baseImpAir>40.95</baseImpAir><porcentajeAir>0.00</porcentajeAir><valRetAir>0.00</valRetAir></detalleAir></air></detalleCompras><detalleCompras><codSustento>01</codSustento><tpIdProv>01</tpIdProv><idProv>1790015424001</idProv><tipoComprobante>01</tipoComprobante><parteRel>NO</parteRel><fechaRegistro>07/04/2016</fechaRegistro><establecimiento>021</establecimiento><puntoEmision>200</puntoEmision><secuencial>000001495</secuencial><fechaEmision>07/04/2016</fechaEmision><autorizacion>0704201616544917900154240015953898551</autorizacion><baseNoGraIva>0.00</baseNoGraIva><baseImponible>0.00</baseImponible><baseImpGrav>318.04</baseImpGrav><baseImpExe>0.00</baseImpExe><montoIce>0.00</montoIce><montoIva>38.16</montoIva><valRetBien10>0.00</valRetBien10><valRetServ20>0.00</valRetServ20><valorRetBienes>0.00</valorRetBienes><valorRetServicios>0.00</valorRetServicios><valRetServ100>0.00</valRetServ100><totbasesImpReemb>318.04</totbasesImpReemb><pagoExterior><pagoLocExt>01</pagoLocExt><paisEfecPago>NA</paisEfecPago><aplicConvDobTrib>NA</aplicConvDobTrib><pagExtSujRetNorLeg>NA</pagExtSujRetNorLeg><pagoRegFis>NA</pagoRegFis></pagoExterior><air><detalleAir><codRetAir>332</codRetAir><baseImpAir>318.04</baseImpAir><porcentajeAir>0.00</porcentajeAir><valRetAir>0.00</valRetAir></detalleAir></air></detalleCompras><detalleCompras><codSustento>01</codSustento><tpIdProv>01</tpIdProv><idProv>0991320776001</idProv><tipoComprobante>01</tipoComprobante><parteRel>NO</parteRel><fechaRegistro>06/04/2016</fechaRegistro><establecimiento>001</establecimiento><puntoEmision>002</puntoEmision><secuencial>000393854</secuencial><fechaEmision>06/04/2016</fechaEmision><autorizacion>060420162131209913207760015930523766</autorizacion><baseNoGraIva>0.00</baseNoGraIva><baseImponible>0.00</baseImponible><baseImpGrav>35.71</baseImpGrav><baseImpExe>0.00</baseImpExe><montoIce>0.00</montoIce><montoIva>4.29</montoIva><valRetBien10>0.00</valRetBien10><valRetServ20>0.00</valRetServ20><valorRetBienes>0.00</valorRetBienes><valorRetServicios>0.00</valorRetServicios><valRetServ100>0.00</valRetServ100><totbasesImpReemb>35.71</totbasesImpReemb><pagoExterior><pagoLocExt>01</pagoLocExt><paisEfecPago>NA</paisEfecPago><aplicConvDobTrib>NA</aplicConvDobTrib><pagExtSujRetNorLeg>NA</pagExtSujRetNorLeg><pagoRegFis>NA</pagoRegFis></pagoExterior><air><detalleAir><codRetAir>332</codRetAir><baseImpAir>35.71</baseImpAir><porcentajeAir>0.00</porcentajeAir><valRetAir>0.00</valRetAir></detalleAir></air></detalleCompras><detalleCompras><codSustento>01</codSustento><tpIdProv>01</tpIdProv><idProv>1760003330001</idProv><tipoComprobante>01</tipoComprobante><parteRel>NO</parteRel><fechaRegistro>06/04/2016</fechaRegistro><establecimiento>010</establecimiento><puntoEmision>101</puntoEmision><secuencial>000172845</secuencial><fechaEmision>06/04/2016</fechaEmision><autorizacion>0904201608040517600033300016005722805</autorizacion><baseNoGraIva>0.00</baseNoGraIva><baseImponible>0.00</baseImponible><baseImpGrav>30.00</baseImpGrav><baseImpExe>0.00</baseImpExe><montoIce>0.00</montoIce><montoIva>3.60</montoIva><valRetBien10>0.00</valRetBien10><valRetServ20>0.00</valRetServ20><valorRetBienes>0.00</valorRetBienes><valorRetServicios>0.00</valorRetServicios><valRetServ100>0.00</valRetServ100><totbasesImpReemb>30.00</totbasesImpReemb><pagoExterior><pagoLocExt>01</pagoLocExt><paisEfecPago>NA</paisEfecPago><aplicConvDobTrib>NA</aplicConvDobTrib><pagExtSujRetNorLeg>NA</pagExtSujRetNorLeg><pagoRegFis>NA</pagoRegFis></pagoExterior><air><detalleAir><codRetAir>332</codRetAir><baseImpAir>30.00</baseImpAir><porcentajeAir>0.00</porcentajeAir><valRetAir>0.00</valRetAir></detalleAir></air></detalleCompras><detalleCompras><codSustento>01</codSustento><tpIdProv>01</tpIdProv><idProv>1790041220001</idProv><tipoComprobante>01</tipoComprobante><parteRel>NO</parteRel><fechaRegistro>06/04/2016</fechaRegistro><establecimiento>012</establecimiento><puntoEmision>906</puntoEmision><secuencial>00094934</secuencial><fechaEmision>06/04/2016</fechaEmision><autorizacion>060420161727211790041220001523912598</autorizacion><baseNoGraIva>0.00</baseNoGraIva><baseImponible>0.00</baseImponible><baseImpGrav>26.69</baseImpGrav><baseImpExe>0.00</baseImpExe><montoIce>0.00</montoIce><montoIva>3.20</montoIva><valRetBien10>0.00</valRetBien10><valRetServ20>0.00</valRetServ20><valorRetBienes>0.00</valorRetBienes><valorRetServicios>0.00</valorRetServicios><valRetServ100>0.00</valRetServ100><totbasesImpReemb>26.69</totbasesImpReemb><pagoExterior><pagoLocExt>01</pagoLocExt><paisEfecPago>NA</paisEfecPago><aplicConvDobTrib>NA</aplicConvDobTrib><pagExtSujRetNorLeg>NA</pagExtSujRetNorLeg><pagoRegFis>NA</pagoRegFis></pagoExterior><air><detalleAir><codRetAir>332</codRetAir><baseImpAir>26.69</baseImpAir><porcentajeAir>0.00</porcentajeAir><valRetAir>0.00</valRetAir></detalleAir></air></detalleCompras><detalleCompras><codSustento>01</codSustento><tpIdProv>01</tpIdProv><idProv>1500327232001</idProv><tipoComprobante>01</tipoComprobante><parteRel>NO</parteRel><fechaRegistro>05/04/2016</fechaRegistro><establecimiento>006</establecimiento><puntoEmision>002</puntoEmision><secuencial>000091203</secuencial><fechaEmision>05/04/2016</fechaEmision><autorizacion>0504201618125915003272320015892501668</autorizacion><baseNoGraIva>0.00</baseNoGraIva><baseImponible>0.00</baseImponible><baseImpGrav>5.80</baseImpGrav><baseImpExe>0.00</baseImpExe><montoIce>0.00</montoIce><montoIva>0.70</montoIva><valRetBien10>0.00</valRetBien10><valRetServ20>0.00</valRetServ20><valorRetBienes>0.00</valorRetBienes><valorRetServicios>0.00</valorRetServicios><valRetServ100>0.00</valRetServ100><totbasesImpReemb>5.80</totbasesImpReemb><pagoExterior><pagoLocExt>01</pagoLocExt><paisEfecPago>NA</paisEfecPago><aplicConvDobTrib>NA</aplicConvDobTrib><pagExtSujRetNorLeg>NA</pagExtSujRetNorLeg><pagoRegFis>NA</pagoRegFis></pagoExterior><air><detalleAir><codRetAir>332</codRetAir><baseImpAir>5.80</baseImpAir><porcentajeAir>0.00</porcentajeAir><valRetAir>0.00</valRetAir></detalleAir></air></detalleCompras><detalleCompras><codSustento>01</codSustento><tpIdProv>01</tpIdProv><idProv>1790095592001</idProv><tipoComprobante>01</tipoComprobante><parteRel>NO</parteRel><fechaRegistro>04/04/2016</fechaRegistro><establecimiento>001</establecimiento><puntoEmision>005</puntoEmision><secuencial>13474448</secuencial><fechaEmision>04/04/2016</fechaEmision><autorizacion>0504201623325017900955920015900723428</autorizacion><baseNoGraIva>0.00</baseNoGraIva><baseImponible>63.23</baseImponible><baseImpGrav>4.46</baseImpGrav><baseImpExe>0.00</baseImpExe><montoIce>0.00</montoIce><montoIva>0.54</montoIva><valRetBien10>0.00</valRetBien10><valRetServ20>0.00</valRetServ20><valorRetBienes>0.00</valorRetBienes><valorRetServicios>0.00</valorRetServicios><valRetServ100>0.00</valRetServ100><totbasesImpReemb>67.69</totbasesImpReemb><pagoExterior><pagoLocExt>01</pagoLocExt><paisEfecPago>NA</paisEfecPago><aplicConvDobTrib>NA</aplicConvDobTrib><pagExtSujRetNorLeg>NA</pagExtSujRetNorLeg><pagoRegFis>NA</pagoRegFis></pagoExterior><air><detalleAir><codRetAir>332</codRetAir><baseImpAir>67.69</baseImpAir><porcentajeAir>0.00</porcentajeAir><valRetAir>0.00</valRetAir></detalleAir></air></detalleCompras><detalleCompras><codSustento>01</codSustento><tpIdProv>01</tpIdProv><idProv>1790041220001</idProv><tipoComprobante>01</tipoComprobante><parteRel>NO</parteRel><fechaRegistro>04/04/2016</fechaRegistro><establecimiento>012</establecimiento><puntoEmision>906</puntoEmision><secuencial>00094453</secuencial><fechaEmision>04/04/2016</fechaEmision><autorizacion>0404201612325517900412200015837361850</autorizacion><baseNoGraIva>0.00</baseNoGraIva><baseImponible>0.00</baseImponible><baseImpGrav>51.08</baseImpGrav><baseImpExe>0.00</baseImpExe><montoIce>0.00</montoIce><montoIva>6.13</montoIva><valRetBien10>0.00</valRetBien10><valRetServ20>0.00</valRetServ20><valorRetBienes>0.00</valorRetBienes><valorRetServicios>0.00</valorRetServicios><valRetServ100>0.00</valRetServ100><totbasesImpReemb>51.08</totbasesImpReemb><pagoExterior><pagoLocExt>01</pagoLocExt><paisEfecPago>NA</paisEfecPago><aplicConvDobTrib>NA</aplicConvDobTrib><pagExtSujRetNorLeg>NA</pagExtSujRetNorLeg><pagoRegFis>NA</pagoRegFis></pagoExterior><air><detalleAir><codRetAir>332</codRetAir><baseImpAir>51.08</baseImpAir><porcentajeAir>0.00</porcentajeAir><valRetAir>0.00</valRetAir></detalleAir></air></detalleCompras><detalleCompras><codSustento>01</codSustento><tpIdProv>01</tpIdProv><idProv>1790896269001</idProv><tipoComprobante>01</tipoComprobante><parteRel>NO</parteRel><fechaRegistro>01/04/2016</fechaRegistro><establecimiento>001</establecimiento><puntoEmision>001</puntoEmision><secuencial>002691827</secuencial><fechaEmision>01/04/2016</fechaEmision><autorizacion>010420162139381708962690015774066889</autorizacion><baseNoGraIva>0.00</baseNoGraIva><baseImponible>0.00</baseImponible><baseImpGrav>71.69</baseImpGrav><baseImpExe>0.00</baseImpExe><montoIce>0.00</montoIce><montoIva>8.60</montoIva><valRetBien10>0.00</valRetBien10><valRetServ20>0.00</valRetServ20><valorRetBienes>0.00</valorRetBienes><valorRetServicios>0.00</valorRetServicios><valRetServ100>0.00</valRetServ100><totbasesImpReemb>71.69</totbasesImpReemb><pagoExterior><pagoLocExt>01</pagoLocExt><paisEfecPago>NA</paisEfecPago><aplicConvDobTrib>NA</aplicConvDobTrib><pagExtSujRetNorLeg>NA</pagExtSujRetNorLeg><pagoRegFis>NA</pagoRegFis></pagoExterior><air><detalleAir><codRetAir>332</codRetAir><baseImpAir>71.69</baseImpAir><porcentajeAir>0.00</porcentajeAir><valRetAir>0.00</valRetAir></detalleAir></air></detalleCompras><detalleCompras><codSustento>01</codSustento><tpIdProv>01</tpIdProv><idProv>1790475247001</idProv><tipoComprobante>01</tipoComprobante><parteRel>NO</parteRel><fechaRegistro>02/04/2016</fechaRegistro><establecimiento>001</establecimiento><puntoEmision>006</puntoEmision><secuencial>003263487</secuencial><fechaEmision>02/04/2016</fechaEmision><autorizacion>0504201623502417904752470015900940093</autorizacion><baseNoGraIva>0.00</baseNoGraIva><baseImponible>4.99</baseImponible><baseImpGrav>0.00</baseImpGrav><baseImpExe>0.00</baseImpExe><montoIce>0.00</montoIce><montoIva>0.00</montoIva><valRetBien10>0.00</valRetBien10><valRetServ20>0.00</valRetServ20><valorRetBienes>0.00</valorRetBienes><valorRetServicios>0.00</valorRetServicios><valRetServ100>0.00</valRetServ100><totbasesImpReemb>4.99</totbasesImpReemb><pagoExterior><pagoLocExt>01</pagoLocExt><paisEfecPago>NA</paisEfecPago><aplicConvDobTrib>NA</aplicConvDobTrib><pagExtSujRetNorLeg>NA</pagExtSujRetNorLeg><pagoRegFis>NA</pagoRegFis></pagoExterior><air><detalleAir><codRetAir>332</codRetAir><baseImpAir>4.99</baseImpAir><porcentajeAir>0.00</porcentajeAir><valRetAir>0.00</valRetAir></detalleAir></air></detalleCompras><detalleCompras><codSustento>01</codSustento><tpIdProv>01</tpIdProv><idProv>1768152560001</idProv><tipoComprobante>01</tipoComprobante><parteRel>NO</parteRel><fechaRegistro>03/04/2016</fechaRegistro><establecimiento>001</establecimiento><puntoEmision>777</puntoEmision><secuencial>031225443</secuencial><fechaEmision>03/04/2016</fechaEmision><autorizacion>0804201623401317681525600016000151271</autorizacion><baseNoGraIva>0.00</baseNoGraIva><baseImponible>0.00</baseImponible><baseImpGrav>16.43</baseImpGrav><baseImpExe>0.00</baseImpExe><montoIce>0.00</montoIce><montoIva>1.97</montoIva><valRetBien10>0.00</valRetBien10><valRetServ20>0.00</valRetServ20><valorRetBienes>0.00</valorRetBienes><valorRetServicios>0.00</valorRetServicios><valRetServ100>0.00</valRetServ100><totbasesImpReemb>16.43</totbasesImpReemb><pagoExterior><pagoLocExt>01</pagoLocExt><paisEfecPago>NA</paisEfecPago><aplicConvDobTrib>NA</aplicConvDobTrib><pagExtSujRetNorLeg>NA</pagExtSujRetNorLeg><pagoRegFis>NA</pagoRegFis></pagoExterior><air><detalleAir><codRetAir>332</codRetAir><baseImpAir>16.43</baseImpAir><porcentajeAir>0.00</porcentajeAir><valRetAir>0.00</valRetAir></detalleAir></air></detalleCompras><detalleCompras><codSustento>01</codSustento><tpIdProv>01</tpIdProv><idProv>0991320776001</idProv><tipoComprobante>01</tipoComprobante><parteRel>NO</parteRel><fechaRegistro>18/04/2016</fechaRegistro><establecimiento>001</establecimiento><puntoEmision>002</puntoEmision><secuencial>000401306</secuencial><fechaEmision>18/04/2016</fechaEmision><autorizacion>1804201610471109913207760016238024870</autorizacion><baseNoGraIva>0.00</baseNoGraIva><baseImponible>0.00</baseImponible><baseImpGrav>8.93</baseImpGrav><baseImpExe>0.00</baseImpExe><montoIce>0.00</montoIce><montoIva>1.07</montoIva><valRetBien10>0.00</valRetBien10><valRetServ20>0.00</valRetServ20><valorRetBienes>0.00</valorRetBienes><valorRetServicios>0.00</valorRetServicios><valRetServ100>0.00</valRetServ100><totbasesImpReemb>8.93</totbasesImpReemb><pagoExterior><pagoLocExt>01</pagoLocExt><paisEfecPago>NA</paisEfecPago><aplicConvDobTrib>NA</aplicConvDobTrib><pagExtSujRetNorLeg>NA</pagExtSujRetNorLeg><pagoRegFis>NA</pagoRegFis></pagoExterior><air><detalleAir><codRetAir>332</codRetAir><baseImpAir>8.93</baseImpAir><porcentajeAir>0.00</porcentajeAir><valRetAir>0.00</valRetAir></detalleAir></air></detalleCompras><detalleCompras><codSustento>01</codSustento><tpIdProv>01</tpIdProv><idProv>1768042620001</idProv><tipoComprobante>01</tipoComprobante><parteRel>NO</parteRel><fechaRegistro>26/04/2016</fechaRegistro><establecimiento>075</establecimiento><puntoEmision>004</puntoEmision><secuencial>00001070</secuencial><fechaEmision>26/04/2016</fechaEmision><autorizacion>2604201611132217680426200016459074295</autorizacion><baseNoGraIva>0.00</baseNoGraIva><baseImponible>0.00</baseImponible><baseImpGrav>6.36</baseImpGrav><baseImpExe>0.00</baseImpExe><montoIce>0.00</montoIce><montoIva>0.76</montoIva><valRetBien10>0.00</valRetBien10><valRetServ20>0.00</valRetServ20><valorRetBienes>0.00</valorRetBienes><valorRetServicios>0.00</valorRetServicios><valRetServ100>0.00</valRetServ100><totbasesImpReemb>6.36</totbasesImpReemb><pagoExterior><pagoLocExt>01</pagoLocExt><paisEfecPago>NA</paisEfecPago><aplicConvDobTrib>NA</aplicConvDobTrib><pagExtSujRetNorLeg>NA</pagExtSujRetNorLeg><pagoRegFis>NA</pagoRegFis></pagoExterior><air><detalleAir><codRetAir>332</codRetAir><baseImpAir>6.36</baseImpAir><porcentajeAir>0.00</porcentajeAir><valRetAir>0.00</valRetAir></detalleAir></air></detalleCompras><detalleCompras><codSustento>01</codSustento><tpIdProv>01</tpIdProv><idProv>1391738811001</idProv><tipoComprobante>01</tipoComprobante><parteRel>NO</parteRel><fechaRegistro>10/04/2016</fechaRegistro><establecimiento>003</establecimiento><puntoEmision>001</puntoEmision><secuencial>000090342</secuencial><fechaEmision>10/04/2016</fechaEmision><autorizacion>1118512256</autorizacion><baseNoGraIva>0.00</baseNoGraIva><baseImponible>0.00</baseImponible><baseImpGrav>8.93</baseImpGrav><baseImpExe>0.00</baseImpExe><montoIce>0.00</montoIce><montoIva>1.07</montoIva><valRetBien10>0.00</valRetBien10><valRetServ20>0.00</valRetServ20><valorRetBienes>0.00</valorRetBienes><valorRetServicios>0.00</valorRetServicios><valRetServ100>0.00</valRetServ100><totbasesImpReemb>8.93</totbasesImpReemb><pagoExterior><pagoLocExt>01</pagoLocExt><paisEfecPago>NA</paisEfecPago><aplicConvDobTrib>NA</aplicConvDobTrib><pagExtSujRetNorLeg>NA</pagExtSujRetNorLeg><pagoRegFis>NA</pagoRegFis></pagoExterior><air><detalleAir><codRetAir>332</codRetAir><baseImpAir>8.93</baseImpAir><porcentajeAir>0.00</porcentajeAir><valRetAir>0.00</valRetAir></detalleAir></air></detalleCompras><detalleCompras><codSustento>01</codSustento><tpIdProv>01</tpIdProv><idProv>1391738811001</idProv><tipoComprobante>01</tipoComprobante><parteRel>NO</parteRel><fechaRegistro>08/04/2016</fechaRegistro><establecimiento>003</establecimiento><puntoEmision>001</puntoEmision><secuencial>00090227</secuencial><fechaEmision>08/04/2016</fechaEmision><autorizacion>1118512256</autorizacion><baseNoGraIva>0.00</baseNoGraIva><baseImponible>0.00</baseImponible><baseImpGrav>8.93</baseImpGrav><baseImpExe>0.00</baseImpExe><montoIce>0.00</montoIce><montoIva>1.07</montoIva><valRetBien10>0.00</valRetBien10><valRetServ20>0.00</valRetServ20><valorRetBienes>0.00</valorRetBienes><valorRetServicios>0.00</valorRetServicios><valRetServ100>0.00</valRetServ100><totbasesImpReemb>8.93</totbasesImpReemb><pagoExterior><pagoLocExt>01</pagoLocExt><paisEfecPago>NA</paisEfecPago><aplicConvDobTrib>NA</aplicConvDobTrib><pagExtSujRetNorLeg>NA</pagExtSujRetNorLeg><pagoRegFis>NA</pagoRegFis></pagoExterior><air><detalleAir><codRetAir>332</codRetAir><baseImpAir>8.93</baseImpAir><porcentajeAir>0.00</porcentajeAir><valRetAir>0.00</valRetAir></detalleAir></air></detalleCompras><detalleCompras><codSustento>01</codSustento><tpIdProv>01</tpIdProv><idProv>1391738811001</idProv><tipoComprobante>01</tipoComprobante><parteRel>NO</parteRel><fechaRegistro>10/04/2016</fechaRegistro><establecimiento>003</establecimiento><puntoEmision>001</puntoEmision><secuencial>000090341</secuencial><fechaEmision>10/04/2016</fechaEmision><autorizacion>1118512256</autorizacion><baseNoGraIva>0.00</baseNoGraIva><baseImponible>0.00</baseImponible><baseImpGrav>17.86</baseImpGrav><baseImpExe>0.00</baseImpExe><montoIce>0.00</montoIce><montoIva>2.14</montoIva><valRetBien10>0.00</valRetBien10><valRetServ20>0.00</valRetServ20><valorRetBienes>0.00</valorRetBienes><valorRetServicios>0.00</valorRetServicios><valRetServ100>0.00</valRetServ100><totbasesImpReemb>17.86</totbasesImpReemb><pagoExterior><pagoLocExt>01</pagoLocExt><paisEfecPago>NA</paisEfecPago><aplicConvDobTrib>NA</aplicConvDobTrib><pagExtSujRetNorLeg>NA</pagExtSujRetNorLeg><pagoRegFis>NA</pagoRegFis></pagoExterior><air><detalleAir><codRetAir>332</codRetAir><baseImpAir>17.86</baseImpAir><porcentajeAir>0.00</porcentajeAir><valRetAir>0.00</valRetAir></detalleAir></air></detalleCompras><detalleCompras><codSustento>01</codSustento><tpIdProv>01</tpIdProv><idProv>1391738811001</idProv><tipoComprobante>01</tipoComprobante><parteRel>NO</parteRel><fechaRegistro>09/04/2016</fechaRegistro><establecimiento>003</establecimiento><puntoEmision>001</puntoEmision><secuencial>000090612</secuencial><fechaEmision>09/04/2016</fechaEmision><autorizacion>1118512256</autorizacion><baseNoGraIva>0.00</baseNoGraIva><baseImponible>0.00</baseImponible><baseImpGrav>17.86</baseImpGrav><baseImpExe>0.00</baseImpExe><montoIce>0.00</montoIce><montoIva>2.14</montoIva><valRetBien10>0.00</valRetBien10><valRetServ20>0.00</valRetServ20><valorRetBienes>0.00</valorRetBienes><valorRetServicios>0.00</valorRetServicios><valRetServ100>0.00</valRetServ100><totbasesImpReemb>17.86</totbasesImpReemb><pagoExterior><pagoLocExt>01</pagoLocExt><paisEfecPago>NA</paisEfecPago><aplicConvDobTrib>NA</aplicConvDobTrib><pagExtSujRetNorLeg>NA</pagExtSujRetNorLeg><pagoRegFis>NA</pagoRegFis></pagoExterior><air><detalleAir><codRetAir>332</codRetAir><baseImpAir>17.86</baseImpAir><porcentajeAir>0.00</porcentajeAir><valRetAir>0.00</valRetAir></detalleAir></air></detalleCompras><detalleCompras><codSustento>01</codSustento><tpIdProv>01</tpIdProv><idProv>1391738811001</idProv><tipoComprobante>01</tipoComprobante><parteRel>NO</parteRel><fechaRegistro>07/04/2016</fechaRegistro><establecimiento>003</establecimiento><puntoEmision>001</puntoEmision><secuencial>000090225</secuencial><fechaEmision>07/04/2016</fechaEmision><autorizacion>1118512256</autorizacion><baseNoGraIva>0.00</baseNoGraIva><baseImponible>0.00</baseImponible><baseImpGrav>53.58</baseImpGrav><baseImpExe>0.00</baseImpExe><montoIce>0.00</montoIce><montoIva>6.43</montoIva><valRetBien10>0.00</valRetBien10><valRetServ20>0.00</valRetServ20><valorRetBienes>0.00</valorRetBienes><valorRetServicios>0.00</valorRetServicios><valRetServ100>0.00</valRetServ100><totbasesImpReemb>53.58</totbasesImpReemb><pagoExterior><pagoLocExt>01</pagoLocExt><paisEfecPago>NA</paisEfecPago><aplicConvDobTrib>NA</aplicConvDobTrib><pagExtSujRetNorLeg>NA</pagExtSujRetNorLeg><pagoRegFis>NA</pagoRegFis></pagoExterior><air><detalleAir><codRetAir>332</codRetAir><baseImpAir>53.58</baseImpAir><porcentajeAir>0.00</porcentajeAir><valRetAir>0.00</valRetAir></detalleAir></air></detalleCompras><detalleCompras><codSustento>01</codSustento><tpIdProv>01</tpIdProv><idProv>1391738811001</idProv><tipoComprobante>01</tipoComprobante><parteRel>NO</parteRel><fechaRegistro>20/04/2016</fechaRegistro><establecimiento>001</establecimiento><puntoEmision>001</puntoEmision><secuencial>002389529</secuencial><fechaEmision>20/04/2016</fechaEmision><autorizacion>1118030924</autorizacion><baseNoGraIva>0.00</baseNoGraIva><baseImponible>0.00</baseImponible><baseImpGrav>17.86</baseImpGrav><baseImpExe>0.00</baseImpExe><montoIce>0.00</montoIce><montoIva>2.14</montoIva><valRetBien10>0.00</valRetBien10><valRetServ20>0.00</valRetServ20><valorRetBienes>0.00</valorRetBienes><valorRetServicios>0.00</valorRetServicios><valRetServ100>0.00</valRetServ100><totbasesImpReemb>17.86</totbasesImpReemb><pagoExterior><pagoLocExt>01</pagoLocExt><paisEfecPago>NA</paisEfecPago><aplicConvDobTrib>NA</aplicConvDobTrib><pagExtSujRetNorLeg>NA</pagExtSujRetNorLeg><pagoRegFis>NA</pagoRegFis></pagoExterior><air><detalleAir><codRetAir>332</codRetAir><baseImpAir>17.86</baseImpAir><porcentajeAir>0.00</porcentajeAir><valRetAir>0.00</valRetAir></detalleAir></air></detalleCompras></compras><ventas><detalleVentas><tpIdCliente>04</tpIdCliente><idCliente>0104111224001</idCliente><parteRelVtas>NO</parteRelVtas><tipoComprobante>18</tipoComprobante><numeroComprobantes>1</numeroComprobantes><baseNoGraIva>0.00</baseNoGraIva><baseImponible>0.00</baseImponible><baseImpGrav>300.00</baseImpGrav><montoIva>36.00</montoIva><montoIce>0.00</montoIce><valorRetIva>0.00</valorRetIva><valorRetRenta>0.00</valorRetRenta></detalleVentas><detalleVentas><tpIdCliente>04</tpIdCliente><idCliente>1792297230001</idCliente><parteRelVtas>NO</parteRelVtas><tipoComprobante>18</tipoComprobante><numeroComprobantes>1</numeroComprobantes><baseNoGraIva>0.00</baseNoGraIva><baseImponible>0.00</baseImponible><baseImpGrav>11392.00</baseImpGrav><montoIva>1367.04</montoIva><montoIce>0.00</montoIce><valorRetIva>0.00</valorRetIva><valorRetRenta>227.84</valorRetRenta></detalleVentas><detalleVentas><tpIdCliente>04</tpIdCliente><idCliente>1792309557001</idCliente><parteRelVtas>NO</parteRelVtas><tipoComprobante>18</tipoComprobante><numeroComprobantes>3</numeroComprobantes><baseNoGraIva>0.00</baseNoGraIva><baseImponible>0.00</baseImponible><baseImpGrav>14708.00</baseImpGrav><montoIva>1764.96</montoIva><montoIce>0.00</montoIce><valorRetIva>0.00</valorRetIva><valorRetRenta>294.16</valorRetRenta></detalleVentas><detalleVentas><tpIdCliente>04</tpIdCliente><idCliente>1792423171001</idCliente><parteRelVtas>NO</parteRelVtas><tipoComprobante>18</tipoComprobante><numeroComprobantes>1</numeroComprobantes><baseNoGraIva>0.00</baseNoGraIva><baseImponible>0.00</baseImponible><baseImpGrav>300.00</baseImpGrav><montoIva>36.00</montoIva><montoIce>0.00</montoIce><valorRetIva>0.00</valorRetIva><valorRetRenta>6.00</valorRetRenta></detalleVentas></ventas><ventasEstablecimiento><ventaEst><codEstab>001</codEstab><ventasEstab>26700.00</ventasEstab></ventaEst></ventasEstablecimiento></iva>