<?xml version="1.0" encoding="UTF-8"?>
<iva>
  <TipoIDInformante>R</TipoIDInformante>
  <IdInformante>0992808063001</IdInformante>
  <razonSocial>AGROBIMSA SA</razonSocial>
  <Anio>2016</Anio>
  <Mes>07</Mes>
  <numEstabRuc>001</numEstabRuc>
  <totalVentas>340.00</totalVentas>
  <codigoOperativo>IVA</codigoOperativo>
  <compras>
    <detalleCompras>
      <codSustento>05</codSustento>
      <tpIdProv>01</tpIdProv>
      <idProv>1722948112001</idProv>
      <tipoComprobante>01</tipoComprobante>
      <parteRel>NO</parteRel>
      <fechaRegistro>24/07/2016</fechaRegistro>
      <establecimiento>001</establecimiento>
      <puntoEmision>001</puntoEmision>
      <secuencial>000000001</secuencial>
      <fechaEmision>24/07/2016</fechaEmision>
      <autorizacion>2231321312</autorizacion>
      <baseNoGraIva>0.00</baseNoGraIva>
      <baseImponible>0.00</baseImponible>
      <baseImpGrav>30977.00</baseImpGrav>
      <baseImpExe>0.00</baseImpExe>
      <montoIce>0.00</montoIce>
      <montoIva>3717.24</montoIva>
      <valRetBien10>371.72</valRetBien10>
      <valRetServ20>0.00</valRetServ20>
      <valorRetBienes>0.00</valorRetBienes>
      <valorRetServicios>0.00</valorRetServicios>
      <valRetServ100>0.00</valRetServ100>
      <totbasesImpReemb>30977</totbasesImpReemb>
      <pagoExterior>
        <pagoLocExt>01</pagoLocExt>
        <paisEfecPago>NA</paisEfecPago>
        <aplicConvDobTrib>NA</aplicConvDobTrib>
        <pagExtSujRetNorLeg>NA</pagExtSujRetNorLeg>
        <pagoRegFis>NA</pagoRegFis>
      </pagoExterior>
      <formasDePago>
        <formaPago>01</formaPago>
      </formasDePago>
      <air>
        <detalleAir>
          <codRetAir>309</codRetAir>
          <baseImpAir>30977.00</baseImpAir>
          <porcentajeAir>1.00</porcentajeAir>
          <valRetAir>309.77</valRetAir>
        </detalleAir>
      </air>
      <estabRetencion1>001</estabRetencion1>
      <ptoEmiRetencion1>001</ptoEmiRetencion1>
      <secRetencion1>000000001</secRetencion1>
      <autRetencion1>999999999</autRetencion1>
      <fechaEmiRet1>25/07/2016</fechaEmiRet1>
    </detalleCompras>
  </compras>
  <ventas>
    <detalleVentas>
      <tpIdCliente>04</tpIdCliente>
      <idCliente>0990730512001</idCliente>
      <parteRelVtas>NO</parteRelVtas>
      <tipoComprobante>18</tipoComprobante>
      <numeroComprobantes>1</numeroComprobantes>
      <baseNoGraIva>0.00</baseNoGraIva>
      <baseImponible>340.00</baseImponible>
      <baseImpGrav>0.00</baseImpGrav>
      <montoIva>0.00</montoIva>
      <montoIce>0.00</montoIce>
      <valorRetIva>0.00</valorRetIva>
      <valorRetRenta>3.40</valorRetRenta>
    </detalleVentas>
  </ventas>
  <ventasEstablecimiento>
    <ventaEst>
      <codEstab>001</codEstab>
      <ventasEstab>340.00</ventasEstab>
    </ventaEst>
  </ventasEstablecimiento>
</iva>
