<?xml version="1.0" encoding="UTF-8" standalone="yes"?>
<?mso-application progid="Word.Document"?><w:wordDocument xmlns:w="http://schemas.microsoft.com/office/word/2003/wordml" xmlns:wx="http://schemas.microsoft.com/office/word/2003/auxHint" xmlns:o="urn:schemas-microsoft-com:office:office" xmlns:aml="http://schemas.microsoft.com/aml/2001/core" xmlns:dt="uuid:C2F41010-65B3-11d1-A29F-00AA00C14882" xmlns:v="urn:schemas-microsoft-com:vml" xmlns:w10="urn:schemas-microsoft-com:office:word" xmlns:number="urn:oasis:names:tc:opendocument:xmlns:datastyle:1.0" xml:space="preserve" w:embeddedObjPresent="no">
            <o:DocumentProperties xmlns:fo="urn:oasis:names:tc:opendocument:xmlns:xsl-fo-compatible:1.0"><o:Title/><o:Subject/><o:Keywords/><o:Description/><o:Category/><o:Author/><o:LastAuthor/><o:Manager/><o:Company/><o:HyperlinkBase/><o:Revision/><o:TotalTime/><o:LastPrinted/><o:Created/><o:LastSaved/><o:Pages>5</o:Pages><o:Words>776</o:Words><o:Characters>11060</o:Characters><o:Paragraphs>94</o:Paragraphs></o:DocumentProperties><o:CustomDocumentProperties xmlns:fo="urn:oasis:names:tc:opendocument:xmlns:xsl-fo-compatible:1.0"><o:Editor dt:dt="string">LibreOffice/6.0.4.2$Linux_X86_64 LibreOffice_project/9b0d9b32d5dcda91d2f1a96dc04c645c450872bf</o:Editor><o:Language dt:dt="string"/></o:CustomDocumentProperties>
            <w:fonts><w:defaultFonts w:ascii="" w:h-ansi="" w:fareast="" w:cs=""/><w:font w:name="Bitstream Vera Sans1"><w:family w:val="Swiss"/><w:pitch w:val=""/></w:font><w:font w:name="Liberation Mono"><w:family w:val="Modern"/><w:pitch w:val="fixed"/></w:font><w:font w:name="NSimSun"><w:family w:val="Modern"/><w:pitch w:val="fixed"/></w:font><w:font w:name="Liberation Serif"><w:family w:val="Roman"/><w:pitch w:val="variable"/></w:font><w:font w:name="Liberation Sans"><w:family w:val="Swiss"/><w:pitch w:val="variable"/></w:font><w:font w:name="Bitstream Vera Sans"><w:family w:val="System"/><w:pitch w:val="variable"/></w:font><w:font w:name="SimSun"><w:family w:val="System"/><w:pitch w:val="variable"/></w:font></w:fonts>
            
                <w:lists xmlns:fo="urn:oasis:names:tc:opendocument:xmlns:xsl-fo-compatible:1.0"><w:listDef w:listDefId="0"><w:lvl w:ilvl="0"><w:start w:val="1"/><w:nfc w:val="255"/><w:lvlText w:val="%1"/><w:lvlJc w:val="left"/><w:suff w:val="Nothing"/></w:lvl><w:lvl w:ilvl="1"><w:start w:val="1"/><w:nfc w:val="255"/><w:lvlText w:val="%2"/><w:lvlJc w:val="left"/><w:suff w:val="Nothing"/></w:lvl><w:lvl w:ilvl="2"><w:start w:val="1"/><w:nfc w:val="255"/><w:lvlText w:val="%3"/><w:lvlJc w:val="left"/><w:suff w:val="Nothing"/></w:lvl><w:lvl w:ilvl="3"><w:start w:val="1"/><w:nfc w:val="255"/><w:lvlText w:val="%4"/><w:lvlJc w:val="left"/><w:suff w:val="Nothing"/></w:lvl><w:lvl w:ilvl="4"><w:start w:val="1"/><w:nfc w:val="255"/><w:lvlText w:val="%5"/><w:lvlJc w:val="left"/><w:suff w:val="Nothing"/></w:lvl><w:lvl w:ilvl="5"><w:start w:val="1"/><w:nfc w:val="255"/><w:lvlText w:val="%6"/><w:lvlJc w:val="left"/><w:suff w:val="Nothing"/></w:lvl><w:lvl w:ilvl="6"><w:start w:val="1"/><w:nfc w:val="255"/><w:lvlText w:val="%7"/><w:lvlJc w:val="left"/><w:suff w:val="Nothing"/></w:lvl><w:lvl w:ilvl="7"><w:start w:val="1"/><w:nfc w:val="255"/><w:lvlText w:val="%8"/><w:lvlJc w:val="left"/><w:suff w:val="Nothing"/></w:lvl><w:lvl w:ilvl="8"><w:start w:val="1"/><w:nfc w:val="255"/><w:lvlText w:val="%9"/><w:lvlJc w:val="left"/><w:suff w:val="Nothing"/></w:lvl></w:listDef><w:list w:ilfo="1"><w:ilst w:val="0"/></w:list></w:lists>
            
            <w:styles>
                <w:style w:styleId="default-paragraph-style" w:type="paragraph" w:default="on"><w:name w:val="default-paragraph-style"/><w:pPr xmlns:fo="urn:oasis:names:tc:opendocument:xmlns:xsl-fo-compatible:1.0"><w:adjustRightInd w:val="off"/><w:spacing/><w:ind/><w:widowControl w:val="off"/><w:pBdr/><w:ind/></w:pPr><w:rPr xmlns:fo="urn:oasis:names:tc:opendocument:xmlns:xsl-fo-compatible:1.0"><w:rFonts w:ascii="Liberation Serif" w:h-ansi="Liberation Serif" w:fareast="SimSun" w:cs="Bitstream Vera Sans"/><w:sz w:val="24"/><w:lang w:val="en-US"/></w:rPr></w:style><w:style w:styleId="default-table-style" w:type="table" w:default="on"><w:name w:val="default-table-style"/><w:tblPr><w:tblInd xmlns:fo="urn:oasis:names:tc:opendocument:xmlns:xsl-fo-compatible:1.0" w:w="0" w:type="auto"/></w:tblPr></w:style><w:style w:styleId="Standard" w:type="paragraph"><w:basedOn w:val="default-paragraph-style"/><w:name w:val="Standard"/></w:style><w:style w:styleId="Heading" w:type="paragraph"><w:basedOn w:val="Standard"/><w:name w:val="Heading"/><w:next w:val="Text_20_body"/><w:pPr xmlns:fo="urn:oasis:names:tc:opendocument:xmlns:xsl-fo-compatible:1.0"><w:adjustRightInd w:val="off"/><w:spacing w:before="239.79" w:after="120.255"/><w:ind/><w:widowControl w:val="off"/><w:pBdr/><w:ind/></w:pPr><w:rPr xmlns:fo="urn:oasis:names:tc:opendocument:xmlns:xsl-fo-compatible:1.0"><w:rFonts w:ascii="Liberation Sans" w:h-ansi="Liberation Sans" w:fareast="SimSun" w:cs="Bitstream Vera Sans"/><w:sz w:val="28"/></w:rPr></w:style><w:style w:styleId="Text_20_body" w:type="paragraph"><w:basedOn w:val="Standard"/><w:name w:val="Text_20_body"/><w:pPr xmlns:fo="urn:oasis:names:tc:opendocument:xmlns:xsl-fo-compatible:1.0"><w:adjustRightInd w:val="off"/><w:spacing w:line-rule="auto" w:line="276" w:before="0" w:after="139.9855"/><w:ind/><w:widowControl w:val="off"/><w:pBdr/><w:ind/></w:pPr></w:style><w:style w:styleId="List" w:type="paragraph"><w:basedOn w:val="Text_20_body"/><w:name w:val="List"/><w:rPr xmlns:fo="urn:oasis:names:tc:opendocument:xmlns:xsl-fo-compatible:1.0"><w:rFonts w:cs="Bitstream Vera Sans1"/></w:rPr></w:style><w:style w:styleId="Caption" w:type="paragraph"><w:basedOn w:val="Standard"/><w:name w:val="Caption"/><w:pPr xmlns:fo="urn:oasis:names:tc:opendocument:xmlns:xsl-fo-compatible:1.0"><w:adjustRightInd w:val="off"/><w:spacing w:before="120.255" w:after="120.255"/><w:ind/><w:widowControl w:val="off"/><w:supressLineNumbers/><w:pBdr/><w:ind/></w:pPr><w:rPr xmlns:fo="urn:oasis:names:tc:opendocument:xmlns:xsl-fo-compatible:1.0"><w:rFonts w:cs="Bitstream Vera Sans1"/><w:sz w:val="24"/><w:i/></w:rPr></w:style><w:style w:styleId="Index" w:type="paragraph"><w:basedOn w:val="Standard"/><w:name w:val="Index"/><w:pPr xmlns:fo="urn:oasis:names:tc:opendocument:xmlns:xsl-fo-compatible:1.0"><w:adjustRightInd w:val="off"/><w:spacing/><w:ind/><w:widowControl w:val="off"/><w:supressLineNumbers/><w:pBdr/><w:ind/></w:pPr><w:rPr xmlns:fo="urn:oasis:names:tc:opendocument:xmlns:xsl-fo-compatible:1.0"><w:rFonts w:cs="Bitstream Vera Sans1"/></w:rPr></w:style><w:style w:styleId="Preformatted_20_Text" w:type="paragraph"><w:basedOn w:val="Standard"/><w:name w:val="Preformatted_20_Text"/><w:pPr xmlns:fo="urn:oasis:names:tc:opendocument:xmlns:xsl-fo-compatible:1.0"><w:adjustRightInd w:val="off"/><w:spacing w:before="0" w:after="0"/><w:ind/><w:widowControl w:val="off"/><w:pBdr/><w:ind/></w:pPr><w:rPr xmlns:fo="urn:oasis:names:tc:opendocument:xmlns:xsl-fo-compatible:1.0"><w:rFonts w:ascii="Liberation Mono" w:h-ansi="Liberation Mono" w:fareast="NSimSun" w:cs="Liberation Mono"/><w:sz w:val="20"/></w:rPr></w:style>
                
                <w:style xmlns:fo="urn:oasis:names:tc:opendocument:xmlns:xsl-fo-compatible:1.0" w:type="character" w:styleId="Hyperlink"><w:name w:val="Hyperlink"/><w:rsid w:val="006A55B0"/><w:rPr><w:color w:val="000080"/><w:u w:val="single"/></w:rPr></w:style><w:style xmlns:fo="urn:oasis:names:tc:opendocument:xmlns:xsl-fo-compatible:1.0" w:type="character" w:styleId="FollowedHyperlink"><w:name w:val="FollowedHyperlink"/><w:rsid w:val="006A55B0"/><w:rPr><w:color w:val="800000"/><w:u w:val="single"/></w:rPr></w:style>
                
                <w:style xmlns:fo="urn:oasis:names:tc:opendocument:xmlns:xsl-fo-compatible:1.0" w:type="character" w:styleId="CommentReference"><w:name w:val="annotation reference"/><w:basedOn w:val="DefaultParagraphFont"/><w:semiHidden/><w:rsid w:val="007770B7"/><w:rPr><w:sz w:val="16"/><w:sz-cs w:val="16"/></w:rPr></w:style><w:style xmlns:fo="urn:oasis:names:tc:opendocument:xmlns:xsl-fo-compatible:1.0" w:type="paragraph" w:styleId="CommentText"><w:name w:val="annotation text"/><w:basedOn w:val="Normal"/><w:semiHidden/><w:rsid w:val="007770B7"/><w:pPr><w:pStyle w:val="CommentText"/></w:pPr><w:rPr><w:sz w:val="20"/><w:sz-cs w:val="20"/></w:rPr></w:style><w:style xmlns:fo="urn:oasis:names:tc:opendocument:xmlns:xsl-fo-compatible:1.0" w:type="paragraph" w:styleId="CommentSubject"><w:name w:val="annotation subject"/><w:basedOn w:val="CommentText"/><w:next w:val="CommentText"/><w:semiHidden/><w:rsid w:val="007770B7"/><w:pPr><w:pStyle w:val="CommentSubject"/></w:pPr><w:rPr><w:b/><w:b-cs/></w:rPr></w:style>
                
            </w:styles>
            
            <w:docPr xmlns:fo="urn:oasis:names:tc:opendocument:xmlns:xsl-fo-compatible:1.0"><w:displayBackgroundShape/><w:view w:val="print"/><w:zoom w:percent=""/><w:defaultTabStop w:val="420.1005"/><w:docVars/></w:docPr>
            <w:body><w:p xmlns:fo="urn:oasis:names:tc:opendocument:xmlns:xsl-fo-compatible:1.0"><w:pPr><w:pStyle w:val="Preformatted_20_Text"/></w:pPr><w:r><w:t>COMPROBANTE</w:t></w:r><w:r><w:t>SERIE_COMPROBANTE</w:t></w:r><w:r><w:t>RUC_EMISOR</w:t></w:r><w:r><w:t>RAZON_SOCIAL_EMISOR</w:t></w:r><w:r><w:t>FECHA_EMISION</w:t></w:r><w:r><w:t>FECHA_AUTORIZACION</w:t></w:r><w:r><w:t>TIPO_EMISION</w:t></w:r><w:r><w:t>IDENTIFICACION_RECEPTOR</w:t></w:r><w:r><w:t>CLAVE_ACCESO</w:t></w:r><w:r><w:t>NUMERO_AUTORIZACION</w:t></w:r></w:p><w:p xmlns:fo="urn:oasis:names:tc:opendocument:xmlns:xsl-fo-compatible:1.0"><w:pPr><w:pStyle w:val="Preformatted_20_Text"/></w:pPr><w:r><w:t>IMPORTE_TOTAL</w:t></w:r></w:p><w:p xmlns:fo="urn:oasis:names:tc:opendocument:xmlns:xsl-fo-compatible:1.0"><w:pPr><w:pStyle w:val="Preformatted_20_Text"/></w:pPr><w:r><w:t>Comprobante de Retención</w:t></w:r><w:r><w:t>001-001-000003112</w:t></w:r><w:r><w:t>1790930777001</w:t></w:r><w:r><w:t>Aero Express del Ecuador TRANSAM C. Ltda</w:t></w:r><w:r><w:t>01/03/2017</w:t></w:r><w:r><w:t>15/03/2017 16:23:50</w:t></w:r><w:r><w:t>NORMAL</w:t></w:r><w:r><w:t>3085724744</w:t></w:r><w:r><w:t>1792613353001</w:t></w:r><w:r><w:t>0103201707179093077700120010010000031129191943811</w:t></w:r><w:r><w:t>0103201707179093077700120010010000031129191943811</w:t></w:r></w:p><w:p xmlns:fo="urn:oasis:names:tc:opendocument:xmlns:xsl-fo-compatible:1.0"><w:pPr><w:pStyle w:val="Preformatted_20_Text"/></w:pPr></w:p><w:p xmlns:fo="urn:oasis:names:tc:opendocument:xmlns:xsl-fo-compatible:1.0"><w:pPr><w:pStyle w:val="Preformatted_20_Text"/></w:pPr><w:r><w:t>Factura</w:t></w:r><w:r><w:t>004-904-000140547</w:t></w:r><w:r><w:t>1790041220001</w:t></w:r><w:r><w:t>COMERCIAL KYWI S.A.</w:t></w:r><w:r><w:t>03/03/2017</w:t></w:r><w:r><w:t>03/03/2017 17:09:30</w:t></w:r><w:r><w:t>NORMAL</w:t></w:r><w:r><w:t>1792613353001</w:t></w:r><w:r><w:t>0303201701179004122000120049040001405471790041210</w:t></w:r><w:r><w:t>0303201701200490400014054717900412205</w:t></w:r></w:p><w:p xmlns:fo="urn:oasis:names:tc:opendocument:xmlns:xsl-fo-compatible:1.0"><w:pPr><w:pStyle w:val="Preformatted_20_Text"/></w:pPr><w:r><w:t>16.77</w:t></w:r></w:p><w:p xmlns:fo="urn:oasis:names:tc:opendocument:xmlns:xsl-fo-compatible:1.0"><w:pPr><w:pStyle w:val="Preformatted_20_Text"/></w:pPr><w:r><w:t>Factura</w:t></w:r><w:r><w:t>015-079-000037939</w:t></w:r><w:r><w:t>1792060346001</w:t></w:r><w:r><w:t>MEGA SANTAMARIA S.A.</w:t></w:r><w:r><w:t>04/03/2017</w:t></w:r><w:r><w:t>05/03/2017 01:15:30</w:t></w:r><w:r><w:t>NORMAL</w:t></w:r><w:r><w:t>1792613353001</w:t></w:r><w:r><w:t>0403201701179206034600120150790000379395658032314</w:t></w:r><w:r><w:t>0403201701179206034600120150790000379395658032314</w:t></w:r></w:p><w:p xmlns:fo="urn:oasis:names:tc:opendocument:xmlns:xsl-fo-compatible:1.0"><w:pPr><w:pStyle w:val="Preformatted_20_Text"/></w:pPr><w:r><w:t>3.85</w:t></w:r></w:p><w:p xmlns:fo="urn:oasis:names:tc:opendocument:xmlns:xsl-fo-compatible:1.0"><w:pPr><w:pStyle w:val="Preformatted_20_Text"/></w:pPr><w:r><w:t>Factura</w:t></w:r><w:r><w:t>044-115-000099211</w:t></w:r><w:r><w:t>1790016919001</w:t></w:r><w:r><w:t>CORPORACION FAVORITA C.A.</w:t></w:r><w:r><w:t>05/03/2017</w:t></w:r><w:r><w:t>06/03/2017 05:34:46</w:t></w:r><w:r><w:t>NORMAL</w:t></w:r><w:r><w:t>1792613353001</w:t></w:r><w:r><w:t>0503201701179001691900120441150000992110141020917</w:t></w:r><w:r><w:t>0503201701179001691900120441150000992110141020917</w:t></w:r></w:p><w:p xmlns:fo="urn:oasis:names:tc:opendocument:xmlns:xsl-fo-compatible:1.0"><w:pPr><w:pStyle w:val="Preformatted_20_Text"/></w:pPr><w:r><w:t>16.29</w:t></w:r></w:p><w:p xmlns:fo="urn:oasis:names:tc:opendocument:xmlns:xsl-fo-compatible:1.0"><w:pPr><w:pStyle w:val="Preformatted_20_Text"/></w:pPr><w:r><w:t>Factura</w:t></w:r><w:r><w:t>001-327-032911223</w:t></w:r><w:r><w:t>1791256115001</w:t></w:r><w:r><w:t>OTECEL S. A.</w:t></w:r><w:r><w:t>08/03/2017</w:t></w:r><w:r><w:t>08/03/2017 20:32:27</w:t></w:r><w:r><w:t>NORMAL</w:t></w:r><w:r><w:t>1792613353001</w:t></w:r><w:r><w:t>0803201701179125611500120013270329112233056070218</w:t></w:r><w:r><w:t>0803201701200132703291122317912561152</w:t></w:r></w:p><w:p xmlns:fo="urn:oasis:names:tc:opendocument:xmlns:xsl-fo-compatible:1.0"><w:pPr><w:pStyle w:val="Preformatted_20_Text"/></w:pPr><w:r><w:t>32.78</w:t></w:r></w:p><w:p xmlns:fo="urn:oasis:names:tc:opendocument:xmlns:xsl-fo-compatible:1.0"><w:pPr><w:pStyle w:val="Preformatted_20_Text"/></w:pPr><w:r><w:t>Factura</w:t></w:r><w:r><w:t>001-003-000000738</w:t></w:r><w:r><w:t>1792175089001</w:t></w:r><w:r><w:t>BROLOG CÍA. LTDA.</w:t></w:r><w:r><w:t>08/03/2017</w:t></w:r><w:r><w:t>08/03/2017 08:28:39</w:t></w:r><w:r><w:t>NORMAL</w:t></w:r><w:r><w:t>1792613353001</w:t></w:r><w:r><w:t>0803201701179217508900120010030000007380000073815</w:t></w:r><w:r><w:t>0803201701179217508900120010030000007380000073815</w:t></w:r></w:p><w:p xmlns:fo="urn:oasis:names:tc:opendocument:xmlns:xsl-fo-compatible:1.0"><w:pPr><w:pStyle w:val="Preformatted_20_Text"/></w:pPr><w:r><w:t>114</w:t></w:r></w:p><w:p xmlns:fo="urn:oasis:names:tc:opendocument:xmlns:xsl-fo-compatible:1.0"><w:pPr><w:pStyle w:val="Preformatted_20_Text"/></w:pPr><w:r><w:t>Factura</w:t></w:r><w:r><w:t>010-011-000165567</w:t></w:r><w:r><w:t>1791308832001</w:t></w:r><w:r><w:t>ARCGOLD DEL ECUADOR S.A.</w:t></w:r><w:r><w:t>09/03/2017</w:t></w:r><w:r><w:t>09/03/2017 15:01:22</w:t></w:r><w:r><w:t>NORMAL</w:t></w:r><w:r><w:t>1792613353001</w:t></w:r><w:r><w:t>0903201701179130883200120100110001655670016556714</w:t></w:r><w:r><w:t>0903201701201001100016556717913088320</w:t></w:r></w:p><w:p xmlns:fo="urn:oasis:names:tc:opendocument:xmlns:xsl-fo-compatible:1.0"><w:pPr><w:pStyle w:val="Preformatted_20_Text"/></w:pPr><w:r><w:t>5.8</w:t></w:r></w:p><w:p xmlns:fo="urn:oasis:names:tc:opendocument:xmlns:xsl-fo-compatible:1.0"><w:pPr><w:pStyle w:val="Preformatted_20_Text"/></w:pPr><w:r><w:t>Comprobante de Retención</w:t></w:r><w:r><w:t>001-101-000012323</w:t></w:r><w:r><w:t>1790546667001</w:t></w:r><w:r><w:t>DHL Express Ecuador</w:t></w:r><w:r><w:t>10/03/2017</w:t></w:r><w:r><w:t>23/03/2017 16:45:22</w:t></w:r><w:r><w:t>NORMAL</w:t></w:r><w:r><w:t>3120554570</w:t></w:r><w:r><w:t>1792613353001</w:t></w:r><w:r><w:t>1003201707179054666700120011010000123230001232311</w:t></w:r><w:r><w:t>1003201707200110100001232317905466671</w:t></w:r></w:p><w:p xmlns:fo="urn:oasis:names:tc:opendocument:xmlns:xsl-fo-compatible:1.0"><w:pPr><w:pStyle w:val="Preformatted_20_Text"/></w:pPr></w:p><w:p xmlns:fo="urn:oasis:names:tc:opendocument:xmlns:xsl-fo-compatible:1.0"><w:pPr><w:pStyle w:val="Preformatted_20_Text"/></w:pPr><w:r><w:t>Comprobante de Retención</w:t></w:r><w:r><w:t>001-101-000012375</w:t></w:r><w:r><w:t>1790546667001</w:t></w:r><w:r><w:t>DHL Express Ecuador</w:t></w:r><w:r><w:t>10/03/2017</w:t></w:r><w:r><w:t>23/03/2017 16:46:29</w:t></w:r><w:r><w:t>NORMAL</w:t></w:r><w:r><w:t>3120559571</w:t></w:r><w:r><w:t>1792613353001</w:t></w:r><w:r><w:t>1003201707179054666700120011010000123750001237511</w:t></w:r><w:r><w:t>1003201707200110100001237517905466677</w:t></w:r></w:p><w:p xmlns:fo="urn:oasis:names:tc:opendocument:xmlns:xsl-fo-compatible:1.0"><w:pPr><w:pStyle w:val="Preformatted_20_Text"/></w:pPr></w:p><w:p xmlns:fo="urn:oasis:names:tc:opendocument:xmlns:xsl-fo-compatible:1.0"><w:pPr><w:pStyle w:val="Preformatted_20_Text"/></w:pPr><w:r><w:t>Comprobante de Retención</w:t></w:r><w:r><w:t>001-101-000012243</w:t></w:r><w:r><w:t>1790546667001</w:t></w:r><w:r><w:t>DHL Express Ecuador</w:t></w:r><w:r><w:t>10/03/2017</w:t></w:r><w:r><w:t>17/03/2017 21:02:30</w:t></w:r><w:r><w:t>NORMAL</w:t></w:r><w:r><w:t>3096006778</w:t></w:r><w:r><w:t>1792613353001</w:t></w:r><w:r><w:t>1003201707179054666700120011010000122430001224312</w:t></w:r><w:r><w:t>1003201707200110100001224317905466679</w:t></w:r></w:p><w:p xmlns:fo="urn:oasis:names:tc:opendocument:xmlns:xsl-fo-compatible:1.0"><w:pPr><w:pStyle w:val="Preformatted_20_Text"/></w:pPr></w:p><w:p xmlns:fo="urn:oasis:names:tc:opendocument:xmlns:xsl-fo-compatible:1.0"><w:pPr><w:pStyle w:val="Preformatted_20_Text"/></w:pPr><w:r><w:t>Comprobante de Retención</w:t></w:r><w:r><w:t>001-101-000012261</w:t></w:r><w:r><w:t>1790546667001</w:t></w:r><w:r><w:t>DHL Express Ecuador</w:t></w:r><w:r><w:t>10/03/2017</w:t></w:r><w:r><w:t>17/03/2017 21:03:13</w:t></w:r><w:r><w:t>NORMAL</w:t></w:r><w:r><w:t>3096009759</w:t></w:r><w:r><w:t>1792613353001</w:t></w:r><w:r><w:t>1003201707179054666700120011010000122610001226119</w:t></w:r><w:r><w:t>1003201707200110100001226117905466677</w:t></w:r></w:p><w:p xmlns:fo="urn:oasis:names:tc:opendocument:xmlns:xsl-fo-compatible:1.0"><w:pPr><w:pStyle w:val="Preformatted_20_Text"/></w:pPr></w:p><w:p xmlns:fo="urn:oasis:names:tc:opendocument:xmlns:xsl-fo-compatible:1.0"><w:pPr><w:pStyle w:val="Preformatted_20_Text"/></w:pPr><w:r><w:t>Factura</w:t></w:r><w:r><w:t>011-901-000020422</w:t></w:r><w:r><w:t>1790202321001</w:t></w:r><w:r><w:t>NATIONAL TIRE EXPERTS SA</w:t></w:r><w:r><w:t>11/03/2017</w:t></w:r><w:r><w:t>11/03/2017 12:51:03</w:t></w:r><w:r><w:t>NORMAL</w:t></w:r><w:r><w:t>1792613353001</w:t></w:r><w:r><w:t>1103201701179020232100120119010000204220002042216</w:t></w:r><w:r><w:t>1103201701201190100002042217902023210</w:t></w:r></w:p><w:p xmlns:fo="urn:oasis:names:tc:opendocument:xmlns:xsl-fo-compatible:1.0"><w:pPr><w:pStyle w:val="Preformatted_20_Text"/></w:pPr><w:r><w:t>4.92</w:t></w:r></w:p><w:p xmlns:fo="urn:oasis:names:tc:opendocument:xmlns:xsl-fo-compatible:1.0"><w:pPr><w:pStyle w:val="Preformatted_20_Text"/></w:pPr><w:r><w:t>Factura</w:t></w:r><w:r><w:t>012-040-001339718</w:t></w:r><w:r><w:t>1768153530001</w:t></w:r><w:r><w:t>EMPRESA PUBLICA DE HIDROCARBUROS DEL ECUADOR EP PETROECUADOR</w:t></w:r><w:r><w:t>11/03/2017</w:t></w:r><w:r><w:t>11/03/2017 14:26:31</w:t></w:r><w:r><w:t>NORMAL</w:t></w:r><w:r><w:t>1792613353001</w:t></w:r><w:r><w:t>1103201701176815353000120120400013397185897458919</w:t></w:r><w:r><w:t>1103201701176815353000120120400013397185897458919</w:t></w:r></w:p><w:p xmlns:fo="urn:oasis:names:tc:opendocument:xmlns:xsl-fo-compatible:1.0"><w:pPr><w:pStyle w:val="Preformatted_20_Text"/></w:pPr><w:r><w:t>10</w:t></w:r></w:p><w:p xmlns:fo="urn:oasis:names:tc:opendocument:xmlns:xsl-fo-compatible:1.0"><w:pPr><w:pStyle w:val="Preformatted_20_Text"/></w:pPr><w:r><w:t>Factura</w:t></w:r><w:r><w:t>145-040-000007881</w:t></w:r><w:r><w:t>1791415132001</w:t></w:r><w:r><w:t>INT FOOD SERVICES CORP</w:t></w:r><w:r><w:t>11/03/2017</w:t></w:r><w:r><w:t>05/04/2017 12:42:12</w:t></w:r><w:r><w:t>NORMAL</w:t></w:r><w:r><w:t>1792613353001</w:t></w:r><w:r><w:t>1103201701179141513200121450400000078814126153310</w:t></w:r><w:r><w:t>1103201701179141513200121450400000078814126153310</w:t></w:r></w:p><w:p xmlns:fo="urn:oasis:names:tc:opendocument:xmlns:xsl-fo-compatible:1.0"><w:pPr><w:pStyle w:val="Preformatted_20_Text"/></w:pPr><w:r><w:t>23.75</w:t></w:r></w:p><w:p xmlns:fo="urn:oasis:names:tc:opendocument:xmlns:xsl-fo-compatible:1.0"><w:pPr><w:pStyle w:val="Preformatted_20_Text"/></w:pPr><w:r><w:t>Factura</w:t></w:r><w:r><w:t>001-007-000151713</w:t></w:r><w:r><w:t>1792476615001</w:t></w:r><w:r><w:t>E/S GRUPO LLANO GRANDE</w:t></w:r><w:r><w:t>13/03/2017</w:t></w:r><w:r><w:t>15/03/2017 12:07:53</w:t></w:r><w:r><w:t>NORMAL</w:t></w:r><w:r><w:t>1792613353001</w:t></w:r><w:r><w:t>1303201701179247661500120010070001517131234567815</w:t></w:r><w:r><w:t>1303201701200100700015171317924766151</w:t></w:r></w:p><w:p xmlns:fo="urn:oasis:names:tc:opendocument:xmlns:xsl-fo-compatible:1.0"><w:pPr><w:pStyle w:val="Preformatted_20_Text"/></w:pPr><w:r><w:t>15</w:t></w:r></w:p><w:p xmlns:fo="urn:oasis:names:tc:opendocument:xmlns:xsl-fo-compatible:1.0"><w:pPr><w:pStyle w:val="Preformatted_20_Text"/></w:pPr><w:r><w:t>Factura</w:t></w:r><w:r><w:t>045-002-000049667</w:t></w:r><w:r><w:t>1790646483001</w:t></w:r><w:r><w:t>SOCIEDAD DE TURISMO SODETUR S.A.</w:t></w:r><w:r><w:t>14/03/2017</w:t></w:r><w:r><w:t>15/03/2017 16:07:53</w:t></w:r><w:r><w:t>NORMAL</w:t></w:r><w:r><w:t>1792613353001</w:t></w:r><w:r><w:t>1403201701179064648300120450020000496670000496615</w:t></w:r><w:r><w:t>1403201701204500200004966717906464834</w:t></w:r></w:p><w:p xmlns:fo="urn:oasis:names:tc:opendocument:xmlns:xsl-fo-compatible:1.0"><w:pPr><w:pStyle w:val="Preformatted_20_Text"/></w:pPr><w:r><w:t>10.5</w:t></w:r></w:p><w:p xmlns:fo="urn:oasis:names:tc:opendocument:xmlns:xsl-fo-compatible:1.0"><w:pPr><w:pStyle w:val="Preformatted_20_Text"/></w:pPr><w:r><w:t>Factura</w:t></w:r><w:r><w:t>001-905-000165233</w:t></w:r><w:r><w:t>1790041220001</w:t></w:r><w:r><w:t>COMERCIAL KYWI S.A.</w:t></w:r><w:r><w:t>14/03/2017</w:t></w:r><w:r><w:t>14/03/2017 14:51:13</w:t></w:r><w:r><w:t>NORMAL</w:t></w:r><w:r><w:t>1792613353001</w:t></w:r><w:r><w:t>1403201701179004122000120019050001652331790041219</w:t></w:r><w:r><w:t>1403201701200190500016523317900412201</w:t></w:r></w:p><w:p xmlns:fo="urn:oasis:names:tc:opendocument:xmlns:xsl-fo-compatible:1.0"><w:pPr><w:pStyle w:val="Preformatted_20_Text"/></w:pPr><w:r><w:t>84.59</w:t></w:r></w:p><w:p xmlns:fo="urn:oasis:names:tc:opendocument:xmlns:xsl-fo-compatible:1.0"><w:pPr><w:pStyle w:val="Preformatted_20_Text"/></w:pPr><w:r><w:t>Factura</w:t></w:r><w:r><w:t>012-040-001352142</w:t></w:r><w:r><w:t>1768153530001</w:t></w:r><w:r><w:t>EMPRESA PUBLICA DE HIDROCARBUROS DEL ECUADOR EP PETROECUADOR</w:t></w:r><w:r><w:t>15/03/2017</w:t></w:r><w:r><w:t>15/03/2017 11:58:15</w:t></w:r><w:r><w:t>NORMAL</w:t></w:r><w:r><w:t>1792613353001</w:t></w:r><w:r><w:t>1503201701176815353000120120400013521425897458913</w:t></w:r><w:r><w:t>1503201701176815353000120120400013521425897458913</w:t></w:r></w:p><w:p xmlns:fo="urn:oasis:names:tc:opendocument:xmlns:xsl-fo-compatible:1.0"><w:pPr><w:pStyle w:val="Preformatted_20_Text"/></w:pPr><w:r><w:t>28</w:t></w:r></w:p><w:p xmlns:fo="urn:oasis:names:tc:opendocument:xmlns:xsl-fo-compatible:1.0"><w:pPr><w:pStyle w:val="Preformatted_20_Text"/></w:pPr><w:r><w:t>Comprobante de Retención</w:t></w:r><w:r><w:t>001-001-000003128</w:t></w:r><w:r><w:t>1790930777001</w:t></w:r><w:r><w:t>Aero Express del Ecuador TRANSAM C. Ltda</w:t></w:r><w:r><w:t>15/03/2017</w:t></w:r><w:r><w:t>20/03/2017 16:10:09</w:t></w:r><w:r><w:t>NORMAL</w:t></w:r><w:r><w:t>3106364616</w:t></w:r><w:r><w:t>1792613353001</w:t></w:r><w:r><w:t>1503201707179093077700120010010000031281281347610</w:t></w:r><w:r><w:t>1503201707179093077700120010010000031281281347610</w:t></w:r></w:p><w:p xmlns:fo="urn:oasis:names:tc:opendocument:xmlns:xsl-fo-compatible:1.0"><w:pPr><w:pStyle w:val="Preformatted_20_Text"/></w:pPr></w:p><w:p xmlns:fo="urn:oasis:names:tc:opendocument:xmlns:xsl-fo-compatible:1.0"><w:pPr><w:pStyle w:val="Preformatted_20_Text"/></w:pPr><w:r><w:t>Factura</w:t></w:r><w:r><w:t>039-004-000259442</w:t></w:r><w:r><w:t>1791308832001</w:t></w:r><w:r><w:t>ARCGOLD DEL ECUADOR S.A.</w:t></w:r><w:r><w:t>17/03/2017</w:t></w:r><w:r><w:t>17/03/2017 17:41:17</w:t></w:r><w:r><w:t>NORMAL</w:t></w:r><w:r><w:t>1792613353001</w:t></w:r><w:r><w:t>1703201701179130883200120390040002594420025944214</w:t></w:r><w:r><w:t>1703201701203900400025944217913088329</w:t></w:r></w:p><w:p xmlns:fo="urn:oasis:names:tc:opendocument:xmlns:xsl-fo-compatible:1.0"><w:pPr><w:pStyle w:val="Preformatted_20_Text"/></w:pPr><w:r><w:t>21</w:t></w:r></w:p><w:p xmlns:fo="urn:oasis:names:tc:opendocument:xmlns:xsl-fo-compatible:1.0"><w:pPr><w:pStyle w:val="Preformatted_20_Text"/></w:pPr><w:r><w:t>Factura</w:t></w:r><w:r><w:t>002-006-000103724</w:t></w:r><w:r><w:t>1792429846001</w:t></w:r><w:r><w:t>ECOSYNC S.A.</w:t></w:r><w:r><w:t>17/03/2017</w:t></w:r><w:r><w:t>17/03/2017 19:41:18</w:t></w:r><w:r><w:t>NORMAL</w:t></w:r><w:r><w:t>1792613353001</w:t></w:r><w:r><w:t>1703201701179242984600120020060001037240022200610</w:t></w:r><w:r><w:t>1703201701200200600010372417924298462</w:t></w:r></w:p><w:p xmlns:fo="urn:oasis:names:tc:opendocument:xmlns:xsl-fo-compatible:1.0"><w:pPr><w:pStyle w:val="Preformatted_20_Text"/></w:pPr><w:r><w:t>14</w:t></w:r></w:p><w:p xmlns:fo="urn:oasis:names:tc:opendocument:xmlns:xsl-fo-compatible:1.0"><w:pPr><w:pStyle w:val="Preformatted_20_Text"/></w:pPr><w:r><w:t>Comprobante de Retención</w:t></w:r><w:r><w:t>001-101-000012381</w:t></w:r><w:r><w:t>1790546667001</w:t></w:r><w:r><w:t>DHL Express Ecuador</w:t></w:r><w:r><w:t>17/03/2017</w:t></w:r><w:r><w:t>23/03/2017 16:46:42</w:t></w:r><w:r><w:t>NORMAL</w:t></w:r><w:r><w:t>3120560453</w:t></w:r><w:r><w:t>1792613353001</w:t></w:r><w:r><w:t>1703201707179054666700120011010000123810001238111</w:t></w:r><w:r><w:t>1703201707200110100001238117905466674</w:t></w:r></w:p><w:p xmlns:fo="urn:oasis:names:tc:opendocument:xmlns:xsl-fo-compatible:1.0"><w:pPr><w:pStyle w:val="Preformatted_20_Text"/></w:pPr></w:p><w:p xmlns:fo="urn:oasis:names:tc:opendocument:xmlns:xsl-fo-compatible:1.0"><w:pPr><w:pStyle w:val="Preformatted_20_Text"/></w:pPr><w:r><w:t>Factura</w:t></w:r><w:r><w:t>001-903-000142786</w:t></w:r><w:r><w:t>1790041220001</w:t></w:r><w:r><w:t>COMERCIAL KYWI S.A.</w:t></w:r><w:r><w:t>18/03/2017</w:t></w:r><w:r><w:t>18/03/2017 09:42:20</w:t></w:r><w:r><w:t>NORMAL</w:t></w:r><w:r><w:t>1792613353001</w:t></w:r><w:r><w:t>1803201701179004122000120019030001427861790041219</w:t></w:r><w:r><w:t>1803201701200190300014278617900412201</w:t></w:r></w:p><w:p xmlns:fo="urn:oasis:names:tc:opendocument:xmlns:xsl-fo-compatible:1.0"><w:pPr><w:pStyle w:val="Preformatted_20_Text"/></w:pPr><w:r><w:t>11.3</w:t></w:r></w:p><w:p xmlns:fo="urn:oasis:names:tc:opendocument:xmlns:xsl-fo-compatible:1.0"><w:pPr><w:pStyle w:val="Preformatted_20_Text"/></w:pPr><w:r><w:t>Factura</w:t></w:r><w:r><w:t>001-906-000234951</w:t></w:r><w:r><w:t>1790041220001</w:t></w:r><w:r><w:t>COMERCIAL KYWI S.A.</w:t></w:r><w:r><w:t>18/03/2017</w:t></w:r><w:r><w:t>18/03/2017 09:26:52</w:t></w:r><w:r><w:t>NORMAL</w:t></w:r><w:r><w:t>1792613353001</w:t></w:r><w:r><w:t>1803201701179004122000120019060002349511790041215</w:t></w:r><w:r><w:t>1803201701200190600023495117900412201</w:t></w:r></w:p><w:p xmlns:fo="urn:oasis:names:tc:opendocument:xmlns:xsl-fo-compatible:1.0"><w:pPr><w:pStyle w:val="Preformatted_20_Text"/></w:pPr><w:r><w:t>67.53</w:t></w:r></w:p><w:p xmlns:fo="urn:oasis:names:tc:opendocument:xmlns:xsl-fo-compatible:1.0"><w:pPr><w:pStyle w:val="Preformatted_20_Text"/></w:pPr><w:r><w:t>Factura</w:t></w:r><w:r><w:t>011-001-000279141</w:t></w:r><w:r><w:t>1792239710001</w:t></w:r><w:r><w:t>TIECONE S.A.</w:t></w:r><w:r><w:t>18/03/2017</w:t></w:r><w:r><w:t>18/03/2017 14:16:08</w:t></w:r><w:r><w:t>NORMAL</w:t></w:r><w:r><w:t>1792613353001</w:t></w:r><w:r><w:t>1803201701179223971000120110010002791415658032311</w:t></w:r><w:r><w:t>1803201701201100100027914117922397108</w:t></w:r></w:p><w:p xmlns:fo="urn:oasis:names:tc:opendocument:xmlns:xsl-fo-compatible:1.0"><w:pPr><w:pStyle w:val="Preformatted_20_Text"/></w:pPr><w:r><w:t>2.77</w:t></w:r></w:p><w:p xmlns:fo="urn:oasis:names:tc:opendocument:xmlns:xsl-fo-compatible:1.0"><w:pPr><w:pStyle w:val="Preformatted_20_Text"/></w:pPr><w:r><w:t>Factura</w:t></w:r><w:r><w:t>011-001-000279288</w:t></w:r><w:r><w:t>1792239710001</w:t></w:r><w:r><w:t>TIECONE S.A.</w:t></w:r><w:r><w:t>18/03/2017</w:t></w:r><w:r><w:t>18/03/2017 21:40:46</w:t></w:r><w:r><w:t>NORMAL</w:t></w:r><w:r><w:t>1792613353001</w:t></w:r><w:r><w:t>1803201701179223971000120110010002792885658032311</w:t></w:r><w:r><w:t>1803201701201100100027928817922397102</w:t></w:r></w:p><w:p xmlns:fo="urn:oasis:names:tc:opendocument:xmlns:xsl-fo-compatible:1.0"><w:pPr><w:pStyle w:val="Preformatted_20_Text"/></w:pPr><w:r><w:t>13.32</w:t></w:r></w:p><w:p xmlns:fo="urn:oasis:names:tc:opendocument:xmlns:xsl-fo-compatible:1.0"><w:pPr><w:pStyle w:val="Preformatted_20_Text"/></w:pPr><w:r><w:t>Factura</w:t></w:r><w:r><w:t>134-013-000110728</w:t></w:r><w:r><w:t>0991331859001</w:t></w:r><w:r><w:t>ATIMASA S.A.</w:t></w:r><w:r><w:t>19/03/2017</w:t></w:r><w:r><w:t>19/03/2017 10:10:49</w:t></w:r><w:r><w:t>NORMAL</w:t></w:r><w:r><w:t>1792613353001</w:t></w:r><w:r><w:t>1903201701099133185900121340130001107281357246815</w:t></w:r><w:r><w:t>1903201701213401300011072809913318595</w:t></w:r></w:p><w:p xmlns:fo="urn:oasis:names:tc:opendocument:xmlns:xsl-fo-compatible:1.0"><w:pPr><w:pStyle w:val="Preformatted_20_Text"/></w:pPr><w:r><w:t>14</w:t></w:r></w:p><w:p xmlns:fo="urn:oasis:names:tc:opendocument:xmlns:xsl-fo-compatible:1.0"><w:pPr><w:pStyle w:val="Preformatted_20_Text"/></w:pPr><w:r><w:t>Factura</w:t></w:r><w:r><w:t>020-902-000013407</w:t></w:r><w:r><w:t>0190072002001</w:t></w:r><w:r><w:t>GERARDO ORTIZ E HIJOS CIA LTDA</w:t></w:r><w:r><w:t>19/03/2017</w:t></w:r><w:r><w:t>19/03/2017 15:21:23</w:t></w:r><w:r><w:t>NORMAL</w:t></w:r><w:r><w:t>1792613353001</w:t></w:r><w:r><w:t>1903201701019007200200120209020000134078836323719</w:t></w:r><w:r><w:t>1903201701019007200200120209020000134078836323719</w:t></w:r></w:p><w:p xmlns:fo="urn:oasis:names:tc:opendocument:xmlns:xsl-fo-compatible:1.0"><w:pPr><w:pStyle w:val="Preformatted_20_Text"/></w:pPr><w:r><w:t>73.67</w:t></w:r></w:p><w:p xmlns:fo="urn:oasis:names:tc:opendocument:xmlns:xsl-fo-compatible:1.0"><w:pPr><w:pStyle w:val="Preformatted_20_Text"/></w:pPr><w:r><w:t>Factura</w:t></w:r><w:r><w:t>079-006-000398972</w:t></w:r><w:r><w:t>0991306498001</w:t></w:r><w:r><w:t>NUEVAS OPERACIONES COMERCIALES NUCOPSA S.A.</w:t></w:r><w:r><w:t>19/03/2017</w:t></w:r><w:r><w:t>19/03/2017 22:10:50</w:t></w:r><w:r><w:t>NORMAL</w:t></w:r><w:r><w:t>1792613353001</w:t></w:r><w:r><w:t>1903201701099130649800120790060003989721234567819</w:t></w:r><w:r><w:t>1903201701099130649800120790060003989721234567819</w:t></w:r></w:p><w:p xmlns:fo="urn:oasis:names:tc:opendocument:xmlns:xsl-fo-compatible:1.0"><w:pPr><w:pStyle w:val="Preformatted_20_Text"/></w:pPr><w:r><w:t>15.95</w:t></w:r></w:p><w:p xmlns:fo="urn:oasis:names:tc:opendocument:xmlns:xsl-fo-compatible:1.0"><w:pPr><w:pStyle w:val="Preformatted_20_Text"/></w:pPr><w:r><w:t>Factura</w:t></w:r><w:r><w:t>001-053-000016216</w:t></w:r><w:r><w:t>1711257517001</w:t></w:r><w:r><w:t>DELGADO LUNA LUIS HERIBERTO</w:t></w:r><w:r><w:t>20/03/2017</w:t></w:r><w:r><w:t>20/03/2017 12:56:47</w:t></w:r><w:r><w:t>NORMAL</w:t></w:r><w:r><w:t>1792613353001</w:t></w:r><w:r><w:t>2003201701171125751700120010530000162160001621617</w:t></w:r><w:r><w:t>2003201701171125751700120010530000162160001621617</w:t></w:r></w:p><w:p xmlns:fo="urn:oasis:names:tc:opendocument:xmlns:xsl-fo-compatible:1.0"><w:pPr><w:pStyle w:val="Preformatted_20_Text"/></w:pPr><w:r><w:t>100.08</w:t></w:r></w:p><w:p xmlns:fo="urn:oasis:names:tc:opendocument:xmlns:xsl-fo-compatible:1.0"><w:pPr><w:pStyle w:val="Preformatted_20_Text"/></w:pPr><w:r><w:t>Factura</w:t></w:r><w:r><w:t>001-011-000098580</w:t></w:r><w:r><w:t>1707731038001</w:t></w:r><w:r><w:t>RAMOS SUASTI MONICA NARCISA REBECA</w:t></w:r><w:r><w:t>20/03/2017</w:t></w:r><w:r><w:t>20/03/2017 17:54:06</w:t></w:r><w:r><w:t>NORMAL</w:t></w:r><w:r><w:t>1792613353001</w:t></w:r><w:r><w:t>2003201701170773103800120010110000985801234567818</w:t></w:r><w:r><w:t>2003201701200101100009858017077310380</w:t></w:r></w:p><w:p xmlns:fo="urn:oasis:names:tc:opendocument:xmlns:xsl-fo-compatible:1.0"><w:pPr><w:pStyle w:val="Preformatted_20_Text"/></w:pPr><w:r><w:t>10</w:t></w:r></w:p><w:p xmlns:fo="urn:oasis:names:tc:opendocument:xmlns:xsl-fo-compatible:1.0"><w:pPr><w:pStyle w:val="Preformatted_20_Text"/></w:pPr><w:r><w:t>Factura</w:t></w:r><w:r><w:t>015-905-000137472</w:t></w:r><w:r><w:t>1790041220001</w:t></w:r><w:r><w:t>COMERCIAL KYWI S.A.</w:t></w:r><w:r><w:t>21/03/2017</w:t></w:r><w:r><w:t>21/03/2017 12:02:05</w:t></w:r><w:r><w:t>NORMAL</w:t></w:r><w:r><w:t>1792613353001</w:t></w:r><w:r><w:t>2103201701179004122000120159050001374721790041211</w:t></w:r><w:r><w:t>2103201701201590500013747217900412203</w:t></w:r></w:p><w:p xmlns:fo="urn:oasis:names:tc:opendocument:xmlns:xsl-fo-compatible:1.0"><w:pPr><w:pStyle w:val="Preformatted_20_Text"/></w:pPr><w:r><w:t>33.29</w:t></w:r></w:p><w:p xmlns:fo="urn:oasis:names:tc:opendocument:xmlns:xsl-fo-compatible:1.0"><w:pPr><w:pStyle w:val="Preformatted_20_Text"/></w:pPr><w:r><w:t>Factura</w:t></w:r><w:r><w:t>320-001-000215841</w:t></w:r><w:r><w:t>1791715772001</w:t></w:r><w:r><w:t>Econofarm S.A.</w:t></w:r><w:r><w:t>22/03/2017</w:t></w:r><w:r><w:t>22/03/2017 20:06:15</w:t></w:r><w:r><w:t>NORMAL</w:t></w:r><w:r><w:t>1792613353001</w:t></w:r><w:r><w:t>2203201701179171577200123200010002158415658032317</w:t></w:r><w:r><w:t>2203201701232000100021584117917157727</w:t></w:r></w:p><w:p xmlns:fo="urn:oasis:names:tc:opendocument:xmlns:xsl-fo-compatible:1.0"><w:pPr><w:pStyle w:val="Preformatted_20_Text"/></w:pPr><w:r><w:t>9.24</w:t></w:r></w:p><w:p xmlns:fo="urn:oasis:names:tc:opendocument:xmlns:xsl-fo-compatible:1.0"><w:pPr><w:pStyle w:val="Preformatted_20_Text"/></w:pPr><w:r><w:t>Factura</w:t></w:r><w:r><w:t>014-004-000249732</w:t></w:r><w:r><w:t>1791715772001</w:t></w:r><w:r><w:t>Econofarm S.A.</w:t></w:r><w:r><w:t>22/03/2017</w:t></w:r><w:r><w:t>22/03/2017 20:15:40</w:t></w:r><w:r><w:t>NORMAL</w:t></w:r><w:r><w:t>1792613353001</w:t></w:r><w:r><w:t>2203201701179171577200120140040002497325658032311</w:t></w:r><w:r><w:t>2203201701201400400024973217917157721</w:t></w:r></w:p><w:p xmlns:fo="urn:oasis:names:tc:opendocument:xmlns:xsl-fo-compatible:1.0"><w:pPr><w:pStyle w:val="Preformatted_20_Text"/></w:pPr><w:r><w:t>9.23</w:t></w:r></w:p><w:p xmlns:fo="urn:oasis:names:tc:opendocument:xmlns:xsl-fo-compatible:1.0"><w:pPr><w:pStyle w:val="Preformatted_20_Text"/></w:pPr><w:r><w:t>Factura</w:t></w:r><w:r><w:t>032-014-000053860</w:t></w:r><w:r><w:t>0991331859001</w:t></w:r><w:r><w:t>ATIMASA S.A.</w:t></w:r><w:r><w:t>24/03/2017</w:t></w:r><w:r><w:t>24/03/2017 15:50:13</w:t></w:r><w:r><w:t>NORMAL</w:t></w:r><w:r><w:t>1792613353001</w:t></w:r><w:r><w:t>2403201701099133185900120320140000538601357246815</w:t></w:r><w:r><w:t>2403201701203201400005386009913318594</w:t></w:r></w:p><w:p xmlns:fo="urn:oasis:names:tc:opendocument:xmlns:xsl-fo-compatible:1.0"><w:pPr><w:pStyle w:val="Preformatted_20_Text"/></w:pPr><w:r><w:t>14</w:t></w:r></w:p><w:p xmlns:fo="urn:oasis:names:tc:opendocument:xmlns:xsl-fo-compatible:1.0"><w:pPr><w:pStyle w:val="Preformatted_20_Text"/></w:pPr><w:r><w:t>Factura</w:t></w:r><w:r><w:t>014-004-000250929</w:t></w:r><w:r><w:t>1791715772001</w:t></w:r><w:r><w:t>Econofarm S.A.</w:t></w:r><w:r><w:t>26/03/2017</w:t></w:r><w:r><w:t>26/03/2017 16:23:46</w:t></w:r><w:r><w:t>NORMAL</w:t></w:r><w:r><w:t>1792613353001</w:t></w:r><w:r><w:t>2603201701179171577200120140040002509295658032312</w:t></w:r><w:r><w:t>2603201701201400400025092917917157723</w:t></w:r></w:p><w:p xmlns:fo="urn:oasis:names:tc:opendocument:xmlns:xsl-fo-compatible:1.0"><w:pPr><w:pStyle w:val="Preformatted_20_Text"/></w:pPr><w:r><w:t>11.82</w:t></w:r></w:p><w:p xmlns:fo="urn:oasis:names:tc:opendocument:xmlns:xsl-fo-compatible:1.0"><w:pPr><w:pStyle w:val="Preformatted_20_Text"/></w:pPr><w:r><w:t>Factura</w:t></w:r><w:r><w:t>012-040-001396733</w:t></w:r><w:r><w:t>1768153530001</w:t></w:r><w:r><w:t>EMPRESA PUBLICA DE HIDROCARBUROS DEL ECUADOR EP PETROECUADOR</w:t></w:r><w:r><w:t>27/03/2017</w:t></w:r><w:r><w:t>27/03/2017 20:19:46</w:t></w:r><w:r><w:t>NORMAL</w:t></w:r><w:r><w:t>1792613353001</w:t></w:r><w:r><w:t>2703201701176815353000120120400013967335897458910</w:t></w:r><w:r><w:t>2703201701176815353000120120400013967335897458910</w:t></w:r></w:p><w:p xmlns:fo="urn:oasis:names:tc:opendocument:xmlns:xsl-fo-compatible:1.0"><w:pPr><w:pStyle w:val="Preformatted_20_Text"/></w:pPr><w:r><w:t>23</w:t></w:r></w:p><w:p xmlns:fo="urn:oasis:names:tc:opendocument:xmlns:xsl-fo-compatible:1.0"><w:pPr><w:pStyle w:val="Preformatted_20_Text"/></w:pPr><w:r><w:t>Factura</w:t></w:r><w:r><w:t>022-012-000013426</w:t></w:r><w:r><w:t>0990299390001</w:t></w:r><w:r><w:t>MUEBLES EL BOSQUE S A</w:t></w:r><w:r><w:t>29/03/2017</w:t></w:r><w:r><w:t>29/03/2017 12:27:48</w:t></w:r><w:r><w:t>NORMAL</w:t></w:r><w:r><w:t>1792613353001</w:t></w:r><w:r><w:t>2903201701099029939000120220120000134267581117915</w:t></w:r><w:r><w:t>2903201701202201200001342609902993906</w:t></w:r></w:p><w:p xmlns:fo="urn:oasis:names:tc:opendocument:xmlns:xsl-fo-compatible:1.0"><w:pPr><w:pStyle w:val="Preformatted_20_Text"/></w:pPr><w:r><w:t>1119.57</w:t></w:r></w:p><w:p xmlns:fo="urn:oasis:names:tc:opendocument:xmlns:xsl-fo-compatible:1.0"><w:pPr><w:pStyle w:val="Preformatted_20_Text"/></w:pPr><w:r><w:t>Factura</w:t></w:r><w:r><w:t>022-012-000013430</w:t></w:r><w:r><w:t>0990299390001</w:t></w:r><w:r><w:t>MUEBLES EL BOSQUE S A</w:t></w:r><w:r><w:t>29/03/2017</w:t></w:r><w:r><w:t>29/03/2017 13:17:57</w:t></w:r><w:r><w:t>NORMAL</w:t></w:r><w:r><w:t>1792613353001</w:t></w:r><w:r><w:t>2903201701099029939000120220120000134304748275510</w:t></w:r><w:r><w:t>2903201701202201200001343009902993902</w:t></w:r></w:p><w:p xmlns:fo="urn:oasis:names:tc:opendocument:xmlns:xsl-fo-compatible:1.0"><w:pPr><w:pStyle w:val="Preformatted_20_Text"/></w:pPr><w:r><w:t>1020.6</w:t></w:r></w:p><w:p xmlns:fo="urn:oasis:names:tc:opendocument:xmlns:xsl-fo-compatible:1.0"><w:pPr><w:pStyle w:val="Preformatted_20_Text"/></w:pPr><w:r><w:t>Factura</w:t></w:r><w:r><w:t>001-115-000007875</w:t></w:r><w:r><w:t>1790012158001</w:t></w:r><w:r><w:t>EMPRESA DURINI INDUSTRIA DE MADERA C.A. EDIMCA</w:t></w:r><w:r><w:t>29/03/2017</w:t></w:r><w:r><w:t>29/03/2017 12:57:01</w:t></w:r><w:r><w:t>NORMAL</w:t></w:r><w:r><w:t>1792613353001</w:t></w:r><w:r><w:t>2903201701179001215800120011150000078758400000810</w:t></w:r><w:r><w:t>2903201701179001215800120011150000078758400000810</w:t></w:r></w:p><w:p xmlns:fo="urn:oasis:names:tc:opendocument:xmlns:xsl-fo-compatible:1.0"><w:pPr><w:pStyle w:val="Preformatted_20_Text"/></w:pPr><w:r><w:t>.95</w:t></w:r></w:p><w:p xmlns:fo="urn:oasis:names:tc:opendocument:xmlns:xsl-fo-compatible:1.0"><w:pPr><w:pStyle w:val="Preformatted_20_Text"/></w:pPr><w:r><w:t>Factura</w:t></w:r><w:r><w:t>001-007-000157673</w:t></w:r><w:r><w:t>1792476615001</w:t></w:r><w:r><w:t>E/S GRUPO LLANO GRANDE</w:t></w:r><w:r><w:t>29/03/2017</w:t></w:r><w:r><w:t>29/03/2017 21:21:09</w:t></w:r><w:r><w:t>NORMAL</w:t></w:r><w:r><w:t>1792613353001</w:t></w:r><w:r><w:t>2903201701179247661500120010070001576731234567819</w:t></w:r><w:r><w:t>2903201701200100700015767317924766158</w:t></w:r></w:p><w:p xmlns:fo="urn:oasis:names:tc:opendocument:xmlns:xsl-fo-compatible:1.0"><w:pPr><w:pStyle w:val="Preformatted_20_Text"/></w:pPr><w:r><w:t>14</w:t></w:r></w:p><w:p xmlns:fo="urn:oasis:names:tc:opendocument:xmlns:xsl-fo-compatible:1.0"><w:pPr><w:pStyle w:val="Preformatted_20_Text"/></w:pPr><w:r><w:t>Notas de Crédito</w:t></w:r><w:r><w:t>001-024-000010770</w:t></w:r><w:r><w:t>0990299390001</w:t></w:r><w:r><w:t>MUEBLES EL BOSQUE S A</w:t></w:r><w:r><w:t>29/03/2017</w:t></w:r><w:r><w:t>31/03/2017 16:32:05</w:t></w:r><w:r><w:t>NORMAL</w:t></w:r><w:r><w:t>022-012-000013426</w:t></w:r><w:r><w:t>1792613353001</w:t></w:r><w:r><w:t>2903201704099029939000120010240000107707364430510</w:t></w:r><w:r><w:t>2903201704200102400001077009902993908</w:t></w:r></w:p><w:p xmlns:fo="urn:oasis:names:tc:opendocument:xmlns:xsl-fo-compatible:1.0"><w:pPr><w:pStyle w:val="Preformatted_20_Text"/></w:pPr></w:p><w:p xmlns:fo="urn:oasis:names:tc:opendocument:xmlns:xsl-fo-compatible:1.0"><w:pPr><w:pStyle w:val="Preformatted_20_Text"/></w:pPr><w:r><w:t>Factura</w:t></w:r><w:r><w:t>020-908-000091958</w:t></w:r><w:r><w:t>0190072002001</w:t></w:r><w:r><w:t>GERARDO ORTIZ E HIJOS CIA LTDA</w:t></w:r><w:r><w:t>30/03/2017</w:t></w:r><w:r><w:t>30/03/2017 17:03:06</w:t></w:r><w:r><w:t>NORMAL</w:t></w:r><w:r><w:t>1792613353001</w:t></w:r><w:r><w:t>3003201701019007200200120209080000919585722412511</w:t></w:r><w:r><w:t>3003201701019007200200120209080000919585722412511</w:t></w:r></w:p><w:p xmlns:fo="urn:oasis:names:tc:opendocument:xmlns:xsl-fo-compatible:1.0"><w:pPr><w:pStyle w:val="Preformatted_20_Text"/></w:pPr><w:r><w:t>26.41</w:t></w:r></w:p><w:p xmlns:fo="urn:oasis:names:tc:opendocument:xmlns:xsl-fo-compatible:1.0"><w:pPr><w:pStyle w:val="Preformatted_20_Text"/></w:pPr><w:r><w:t>Factura</w:t></w:r><w:r><w:t>001-906-000238399</w:t></w:r><w:r><w:t>1790041220001</w:t></w:r><w:r><w:t>COMERCIAL KYWI S.A.</w:t></w:r><w:r><w:t>30/03/2017</w:t></w:r><w:r><w:t>30/03/2017 13:42:18</w:t></w:r><w:r><w:t>NORMAL</w:t></w:r><w:r><w:t>1792613353001</w:t></w:r><w:r><w:t>3003201701179004122000120019060002383991790041219</w:t></w:r><w:r><w:t>3003201701200190600023839917900412201</w:t></w:r></w:p><w:p xmlns:fo="urn:oasis:names:tc:opendocument:xmlns:xsl-fo-compatible:1.0"><w:pPr><w:pStyle w:val="Preformatted_20_Text"/></w:pPr><w:r><w:t>57.08</w:t></w:r></w:p><w:p xmlns:fo="urn:oasis:names:tc:opendocument:xmlns:xsl-fo-compatible:1.0"><w:pPr><w:pStyle w:val="Preformatted_20_Text"/></w:pPr><w:r><w:t>Factura</w:t></w:r><w:r><w:t>001-002-000038017</w:t></w:r><w:r><w:t>1790532666001</w:t></w:r><w:r><w:t>Grupo Acercons</w:t></w:r><w:r><w:t>30/03/2017</w:t></w:r><w:r><w:t>30/03/2017 15:49:28</w:t></w:r><w:r><w:t>NORMAL</w:t></w:r><w:r><w:t>1792613353001</w:t></w:r><w:r><w:t>3003201701179053266600120010020000380170000000017</w:t></w:r><w:r><w:t>3003201701200100200003801717905326662</w:t></w:r></w:p><w:p xmlns:fo="urn:oasis:names:tc:opendocument:xmlns:xsl-fo-compatible:1.0"><w:pPr><w:pStyle w:val="Preformatted_20_Text"/></w:pPr><w:r><w:t>9.58</w:t></w:r></w:p><w:p xmlns:fo="urn:oasis:names:tc:opendocument:xmlns:xsl-fo-compatible:1.0"><w:pPr><w:pStyle w:val="Preformatted_20_Text"/></w:pPr><w:r><w:t>Factura</w:t></w:r><w:r><w:t>001-002-000256306</w:t></w:r><w:r><w:t>1791847652001</w:t></w:r><w:r><w:t>Servicios de Telecomunicaciones Setel S.A.</w:t></w:r><w:r><w:t>31/03/2017</w:t></w:r><w:r><w:t>31/03/2017 16:21:56</w:t></w:r><w:r><w:t>NORMAL</w:t></w:r><w:r><w:t>1792613353001</w:t></w:r><w:r><w:t>3103201701179184765200120010020002563063116201912</w:t></w:r><w:r><w:t>3103201701179184765200120010020002563063116201912</w:t></w:r></w:p><w:p xmlns:fo="urn:oasis:names:tc:opendocument:xmlns:xsl-fo-compatible:1.0"><w:pPr><w:pStyle w:val="Preformatted_20_Text"/></w:pPr><w:r><w:t>.35</w:t></w:r></w:p><w:p xmlns:fo="urn:oasis:names:tc:opendocument:xmlns:xsl-fo-compatible:1.0"><w:pPr><w:pStyle w:val="Preformatted_20_Text"/></w:pPr><w:r><w:t>Factura</w:t></w:r><w:r><w:t>001-171-000602822</w:t></w:r><w:r><w:t>1790010937001</w:t></w:r><w:r><w:t>BANCO PICHINCHA C.A.</w:t></w:r><w:r><w:t>31/03/2017</w:t></w:r><w:r><w:t>07/04/2017 18:57:36</w:t></w:r><w:r><w:t>NORMAL</w:t></w:r><w:r><w:t>1792613353001</w:t></w:r><w:r><w:t>3103201701179001093700120011710006028220199928812</w:t></w:r><w:r><w:t>3103201701200117100060282217900109373</w:t></w:r></w:p><w:p xmlns:fo="urn:oasis:names:tc:opendocument:xmlns:xsl-fo-compatible:1.0"><w:pPr><w:pStyle w:val="Preformatted_20_Text"/></w:pPr><w:r><w:t>.62</w:t></w:r></w:p><w:p xmlns:fo="urn:oasis:names:tc:opendocument:xmlns:xsl-fo-compatible:1.0"><w:pPr><w:pStyle w:val="Preformatted_20_Text"/></w:pPr><w:r><w:t>Factura</w:t></w:r><w:r><w:t>001-001-000002308</w:t></w:r><w:r><w:t>1792325293001</w:t></w:r><w:r><w:t>MYMCCTL CONSULTORES CONTABLES TRIBUTARIOS LEGALES CIA LTDA</w:t></w:r><w:r><w:t>31/03/2017</w:t></w:r><w:r><w:t>05/04/2017 14:05:27</w:t></w:r><w:r><w:t>NORMAL</w:t></w:r><w:r><w:t>1792613353001</w:t></w:r><w:r><w:t>3103201701179232529300120010010000023081234567810</w:t></w:r><w:r><w:t>3103201701179232529300120010010000023081234567810</w:t></w:r></w:p><w:p xmlns:fo="urn:oasis:names:tc:opendocument:xmlns:xsl-fo-compatible:1.0"><w:pPr><w:pStyle w:val="Preformatted_20_Text"/></w:pPr><w:r><w:t>399</w:t></w:r></w:p><w:p xmlns:fo="urn:oasis:names:tc:opendocument:xmlns:xsl-fo-compatible:1.0"><w:pPr><w:pStyle w:val="Preformatted_20_Text"/></w:pPr><w:r><w:t>Factura</w:t></w:r><w:r><w:t>003-002-000104564</w:t></w:r><w:r><w:t>1792179246001</w:t></w:r><w:r><w:t>GROUPKENNEDY CIA LTDA</w:t></w:r><w:r><w:t>31/03/2017</w:t></w:r><w:r><w:t>03/04/2017 17:01:10</w:t></w:r><w:r><w:t>NORMAL</w:t></w:r><w:r><w:t>1792613353001</w:t></w:r><w:r><w:t>3103201701179217924600120030020001045648765432116</w:t></w:r><w:r><w:t>3103201701200300200010456417921792467</w:t></w:r></w:p><w:p xmlns:fo="urn:oasis:names:tc:opendocument:xmlns:xsl-fo-compatible:1.0"><w:pPr><w:pStyle w:val="Preformatted_20_Text"/></w:pPr><w:r><w:t>14.05</w:t></w:r></w:p><w:p xmlns:fo="urn:oasis:names:tc:opendocument:xmlns:xsl-fo-compatible:1.0"><w:pPr><w:pStyle w:val="Preformatted_20_Text"/></w:pPr><w:r><w:t>Factura</w:t></w:r><w:r><w:t>003-002-000104565</w:t></w:r><w:r><w:t>1792179246001</w:t></w:r><w:r><w:t>GROUPKENNEDY CIA LTDA</w:t></w:r><w:r><w:t>31/03/2017</w:t></w:r><w:r><w:t>03/04/2017 17:01:14</w:t></w:r><w:r><w:t>NORMAL</w:t></w:r><w:r><w:t>1792613353001</w:t></w:r><w:r><w:t>3103201701179217924600120030020001045658765432111</w:t></w:r><w:r><w:t>3103201701200300200010456517921792461</w:t></w:r></w:p><w:p xmlns:fo="urn:oasis:names:tc:opendocument:xmlns:xsl-fo-compatible:1.0"><w:pPr><w:pStyle w:val="Preformatted_20_Text"/></w:pPr><w:r><w:t>5.85</w:t></w:r></w:p><w:sectPr><w:type w:val="next-page"/><w:pgSz xmlns:fo="urn:oasis:names:tc:opendocument:xmlns:xsl-fo-compatible:1.0" w:w="11907.5525" w:h="16839.881" w:orient="portrait"/><w:pgMar xmlns:fo="urn:oasis:names:tc:opendocument:xmlns:xsl-fo-compatible:1.0" w:top="1133.9978" w:bottom="1133.9978" w:left="1133.9978" w:gutter="0" w:right="1133.9978"/><w:pgBorders xmlns:fo="urn:oasis:names:tc:opendocument:xmlns:xsl-fo-compatible:1.0" w:offset-from="text"/></w:sectPr></w:body>
        </w:wordDocument>