<?xml version="1.0" encoding="UTF-8"?>

<office:document xmlns:office="urn:oasis:names:tc:opendocument:xmlns:office:1.0" xmlns:style="urn:oasis:names:tc:opendocument:xmlns:style:1.0" xmlns:text="urn:oasis:names:tc:opendocument:xmlns:text:1.0" xmlns:table="urn:oasis:names:tc:opendocument:xmlns:table:1.0" xmlns:draw="urn:oasis:names:tc:opendocument:xmlns:drawing:1.0" xmlns:fo="urn:oasis:names:tc:opendocument:xmlns:xsl-fo-compatible:1.0" xmlns:xlink="http://www.w3.org/1999/xlink" xmlns:dc="http://purl.org/dc/elements/1.1/" xmlns:meta="urn:oasis:names:tc:opendocument:xmlns:meta:1.0" xmlns:number="urn:oasis:names:tc:opendocument:xmlns:datastyle:1.0" xmlns:svg="urn:oasis:names:tc:opendocument:xmlns:svg-compatible:1.0" xmlns:chart="urn:oasis:names:tc:opendocument:xmlns:chart:1.0" xmlns:dr3d="urn:oasis:names:tc:opendocument:xmlns:dr3d:1.0" xmlns:math="http://www.w3.org/1998/Math/MathML" xmlns:form="urn:oasis:names:tc:opendocument:xmlns:form:1.0" xmlns:script="urn:oasis:names:tc:opendocument:xmlns:script:1.0" xmlns:config="urn:oasis:names:tc:opendocument:xmlns:config:1.0" xmlns:ooo="http://openoffice.org/2004/office" xmlns:ooow="http://openoffice.org/2004/writer" xmlns:oooc="http://openoffice.org/2004/calc" xmlns:dom="http://www.w3.org/2001/xml-events" xmlns:xforms="http://www.w3.org/2002/xforms" xmlns:xsd="http://www.w3.org/2001/XMLSchema" xmlns:xsi="http://www.w3.org/2001/XMLSchema-instance" xmlns:rpt="http://openoffice.org/2005/report" xmlns:of="urn:oasis:names:tc:opendocument:xmlns:of:1.2" xmlns:xhtml="http://www.w3.org/1999/xhtml" xmlns:grddl="http://www.w3.org/2003/g/data-view#" xmlns:officeooo="http://openoffice.org/2009/office" xmlns:tableooo="http://openoffice.org/2009/table" xmlns:drawooo="http://openoffice.org/2010/draw" xmlns:calcext="urn:org:documentfoundation:names:experimental:calc:xmlns:calcext:1.0" xmlns:loext="urn:org:documentfoundation:names:experimental:office:xmlns:loext:1.0" xmlns:field="urn:openoffice:names:experimental:ooo-ms-interop:xmlns:field:1.0" xmlns:formx="urn:openoffice:names:experimental:ooxml-odf-interop:xmlns:form:1.0" xmlns:css3t="http://www.w3.org/TR/css3-text/" office:version="1.2" office:mimetype="application/vnd.oasis.opendocument.text">
 <office:meta><meta:document-statistic meta:table-count="0" meta:image-count="0" meta:object-count="0" meta:page-count="5" meta:paragraph-count="94" meta:word-count="776" meta:character-count="11060" meta:non-whitespace-character-count="10336"/><meta:generator>LibreOffice/6.0.3.2$Linux_X86_64 LibreOffice_project/00m0$Build-2</meta:generator></office:meta>
 <office:settings>
  <config:config-item-set config:name="ooo:view-settings">
   <config:config-item config:name="ViewAreaTop" config:type="long">0</config:config-item>
   <config:config-item config:name="ViewAreaLeft" config:type="long">0</config:config-item>
   <config:config-item config:name="ViewAreaWidth" config:type="long">0</config:config-item>
   <config:config-item config:name="ViewAreaHeight" config:type="long">0</config:config-item>
   <config:config-item config:name="ShowRedlineChanges" config:type="boolean">true</config:config-item>
   <config:config-item config:name="InBrowseMode" config:type="boolean">false</config:config-item>
  </config:config-item-set>
  <config:config-item-set config:name="ooo:configuration-settings">
   <config:config-item config:name="PrintPaperFromSetup" config:type="boolean">false</config:config-item>
   <config:config-item config:name="PrintFaxName" config:type="string"/>
   <config:config-item config:name="PrintSingleJobs" config:type="boolean">false</config:config-item>
   <config:config-item config:name="PrintProspectRTL" config:type="boolean">false</config:config-item>
   <config:config-item config:name="PrintProspect" config:type="boolean">false</config:config-item>
   <config:config-item config:name="PrintReversed" config:type="boolean">false</config:config-item>
   <config:config-item config:name="PrintTextPlaceholder" config:type="boolean">false</config:config-item>
   <config:config-item config:name="PrintTables" config:type="boolean">true</config:config-item>
   <config:config-item config:name="DoNotJustifyLinesWithManualBreak" config:type="boolean">false</config:config-item>
   <config:config-item config:name="AlignTabStopPosition" config:type="boolean">true</config:config-item>
   <config:config-item config:name="PrintLeftPages" config:type="boolean">true</config:config-item>
   <config:config-item config:name="IgnoreFirstLineIndentInNumbering" config:type="boolean">false</config:config-item>
   <config:config-item config:name="PrinterSetup" config:type="base64Binary"/>
   <config:config-item config:name="CollapseEmptyCellPara" config:type="boolean">true</config:config-item>
   <config:config-item config:name="RedlineProtectionKey" config:type="base64Binary"/>
   <config:config-item config:name="UseOldPrinterMetrics" config:type="boolean">false</config:config-item>
   <config:config-item config:name="UseOldNumbering" config:type="boolean">false</config:config-item>
   <config:config-item config:name="AddExternalLeading" config:type="boolean">true</config:config-item>
   <config:config-item config:name="TreatSingleColumnBreakAsPageBreak" config:type="boolean">false</config:config-item>
   <config:config-item config:name="UpdateFromTemplate" config:type="boolean">true</config:config-item>
   <config:config-item config:name="IsLabelDocument" config:type="boolean">false</config:config-item>
   <config:config-item config:name="RsidRoot" config:type="int">384349</config:config-item>
   <config:config-item config:name="ConsiderTextWrapOnObjPos" config:type="boolean">false</config:config-item>
   <config:config-item config:name="TableRowKeep" config:type="boolean">false</config:config-item>
   <config:config-item config:name="TabsRelativeToIndent" config:type="boolean">true</config:config-item>
   <config:config-item config:name="SaveVersionOnClose" config:type="boolean">false</config:config-item>
   <config:config-item config:name="UseFormerTextWrapping" config:type="boolean">false</config:config-item>
   <config:config-item config:name="ChartAutoUpdate" config:type="boolean">true</config:config-item>
   <config:config-item config:name="AddParaTableSpacingAtStart" config:type="boolean">true</config:config-item>
   <config:config-item config:name="AllowPrintJobCancel" config:type="boolean">true</config:config-item>
   <config:config-item config:name="AddParaTableSpacing" config:type="boolean">true</config:config-item>
   <config:config-item config:name="PrintDrawings" config:type="boolean">true</config:config-item>
   <config:config-item config:name="AddParaSpacingToTableCells" config:type="boolean">true</config:config-item>
   <config:config-item config:name="UseFormerLineSpacing" config:type="boolean">false</config:config-item>
   <config:config-item config:name="OutlineLevelYieldsNumbering" config:type="boolean">false</config:config-item>
   <config:config-item config:name="LinkUpdateMode" config:type="short">1</config:config-item>
   <config:config-item config:name="DoNotResetParaAttrsForNumFont" config:type="boolean">false</config:config-item>
   <config:config-item config:name="ApplyUserData" config:type="boolean">true</config:config-item>
   <config:config-item config:name="StylesNoDefault" config:type="boolean">false</config:config-item>
   <config:config-item config:name="EmbeddedDatabaseName" config:type="string"/>
   <config:config-item config:name="FloattableNomargins" config:type="boolean">false</config:config-item>
   <config:config-item config:name="BackgroundParaOverDrawings" config:type="boolean">false</config:config-item>
   <config:config-item config:name="PrinterName" config:type="string"/>
   <config:config-item config:name="UseFormerObjectPositioning" config:type="boolean">false</config:config-item>
   <config:config-item config:name="TabOverMargin" config:type="boolean">false</config:config-item>
   <config:config-item config:name="SaveGlobalDocumentLinks" config:type="boolean">false</config:config-item>
   <config:config-item config:name="CurrentDatabaseDataSource" config:type="string"/>
   <config:config-item config:name="IsKernAsianPunctuation" config:type="boolean">false</config:config-item>
   <config:config-item config:name="CharacterCompressionType" config:type="short">0</config:config-item>
   <config:config-item config:name="SmallCapsPercentage66" config:type="boolean">false</config:config-item>
   <config:config-item config:name="CurrentDatabaseCommand" config:type="string"/>
   <config:config-item config:name="CurrentDatabaseCommandType" config:type="int">0</config:config-item>
   <config:config-item config:name="FieldAutoUpdate" config:type="boolean">true</config:config-item>
   <config:config-item config:name="IgnoreTabsAndBlanksForLineCalculation" config:type="boolean">false</config:config-item>
   <config:config-item config:name="LoadReadonly" config:type="boolean">false</config:config-item>
   <config:config-item config:name="DoNotCaptureDrawObjsOnPage" config:type="boolean">false</config:config-item>
   <config:config-item config:name="ClipAsCharacterAnchoredWriterFlyFrames" config:type="boolean">false</config:config-item>
   <config:config-item config:name="PrintBlackFonts" config:type="boolean">false</config:config-item>
   <config:config-item config:name="DisableOffPagePositioning" config:type="boolean">false</config:config-item>
   <config:config-item config:name="SurroundTextWrapSmall" config:type="boolean">false</config:config-item>
   <config:config-item config:name="UnxForceZeroExtLeading" config:type="boolean">false</config:config-item>
   <config:config-item config:name="TabAtLeftIndentForParagraphsInList" config:type="boolean">false</config:config-item>
   <config:config-item config:name="PrintRightPages" config:type="boolean">true</config:config-item>
   <config:config-item config:name="Rsid" config:type="int">384349</config:config-item>
   <config:config-item config:name="MathBaselineAlignment" config:type="boolean">true</config:config-item>
   <config:config-item config:name="MsWordCompTrailingBlanks" config:type="boolean">false</config:config-item>
   <config:config-item config:name="InvertBorderSpacing" config:type="boolean">false</config:config-item>
   <config:config-item config:name="EmbedFonts" config:type="boolean">false</config:config-item>
   <config:config-item config:name="PrinterIndependentLayout" config:type="string">high-resolution</config:config-item>
   <config:config-item config:name="TabOverflow" config:type="boolean">true</config:config-item>
   <config:config-item config:name="PrintGraphics" config:type="boolean">true</config:config-item>
   <config:config-item config:name="PropLineSpacingShrinksFirstLine" config:type="boolean">true</config:config-item>
   <config:config-item config:name="UnbreakableNumberings" config:type="boolean">false</config:config-item>
   <config:config-item config:name="AddFrameOffsets" config:type="boolean">false</config:config-item>
   <config:config-item config:name="ClippedPictures" config:type="boolean">false</config:config-item>
   <config:config-item config:name="EmbedSystemFonts" config:type="boolean">false</config:config-item>
   <config:config-item config:name="ApplyParagraphMarkFormatToNumbering" config:type="boolean">false</config:config-item>
   <config:config-item config:name="SubtractFlysAnchoredAtFlys" config:type="boolean">false</config:config-item>
   <config:config-item config:name="AddVerticalFrameOffsets" config:type="boolean">false</config:config-item>
   <config:config-item config:name="ProtectForm" config:type="boolean">false</config:config-item>
   <config:config-item config:name="PrintEmptyPages" config:type="boolean">false</config:config-item>
   <config:config-item config:name="PrintControls" config:type="boolean">true</config:config-item>
   <config:config-item config:name="PrintHiddenText" config:type="boolean">false</config:config-item>
   <config:config-item config:name="PrintAnnotationMode" config:type="short">0</config:config-item>
   <config:config-item config:name="PrintPageBackground" config:type="boolean">true</config:config-item>
  </config:config-item-set>
 </office:settings>
 <office:scripts>
  <office:script script:language="ooo:Basic">
   <ooo:libraries xmlns:ooo="http://openoffice.org/2004/office" xmlns:xlink="http://www.w3.org/1999/xlink"/>
  </office:script>
 </office:scripts>
 <office:font-face-decls>
  <style:font-face style:name="DejaVu Sans Mono" svg:font-family="&apos;DejaVu Sans Mono&apos;" style:font-family-generic="modern" style:font-pitch="fixed"/>
  <style:font-face style:name="Liberation Mono" svg:font-family="&apos;Liberation Mono&apos;" style:font-family-generic="modern" style:font-pitch="fixed"/>
  <style:font-face style:name="Liberation Serif" svg:font-family="&apos;Liberation Serif&apos;" style:font-family-generic="roman" style:font-pitch="variable"/>
  <style:font-face style:name="Liberation Sans" svg:font-family="&apos;Liberation Sans&apos;" style:font-family-generic="swiss" style:font-pitch="variable"/>
  <style:font-face style:name="DejaVu Sans" svg:font-family="&apos;DejaVu Sans&apos;" style:font-family-generic="system" style:font-pitch="variable"/>
 </office:font-face-decls>
 <office:styles>
  <style:default-style style:family="graphic">
   <style:graphic-properties svg:stroke-color="#3465a4" draw:fill-color="#729fcf" fo:wrap-option="no-wrap" draw:shadow-offset-x="0.1181in" draw:shadow-offset-y="0.1181in" draw:start-line-spacing-horizontal="0.1114in" draw:start-line-spacing-vertical="0.1114in" draw:end-line-spacing-horizontal="0.1114in" draw:end-line-spacing-vertical="0.1114in" style:flow-with-text="false"/>
   <style:paragraph-properties style:text-autospace="ideograph-alpha" style:line-break="strict" style:font-independent-line-spacing="false">
    <style:tab-stops/>
   </style:paragraph-properties>
   <style:text-properties style:use-window-font-color="true" style:font-name="Liberation Serif" fo:font-size="12pt" fo:language="en" fo:country="US" style:letter-kerning="true" style:font-name-asian="DejaVu Sans" style:font-size-asian="10.5pt" style:language-asian="zh" style:country-asian="CN" style:font-name-complex="DejaVu Sans" style:font-size-complex="12pt" style:language-complex="hi" style:country-complex="IN"/>
  </style:default-style>
  <style:default-style style:family="paragraph">
   <style:paragraph-properties fo:hyphenation-ladder-count="no-limit" style:text-autospace="ideograph-alpha" style:punctuation-wrap="hanging" style:line-break="strict" style:tab-stop-distance="0.4925in" style:writing-mode="page"/>
   <style:text-properties style:use-window-font-color="true" style:font-name="Liberation Serif" fo:font-size="12pt" fo:language="en" fo:country="US" style:font-name-asian="DejaVu Sans" style:font-size-asian="10.5pt" style:language-asian="zh" style:country-asian="CN" style:font-name-complex="DejaVu Sans" style:font-size-complex="12pt" style:language-complex="hi" style:country-complex="IN" fo:hyphenate="false" fo:hyphenation-remain-char-count="2" fo:hyphenation-push-char-count="2"/>
  </style:default-style>
  <style:default-style style:family="table">
   <style:table-properties table:border-model="collapsing"/>
  </style:default-style>
  <style:default-style style:family="table-row">
   <style:table-row-properties fo:keep-together="auto"/>
  </style:default-style>
  <style:style style:name="Standard" style:family="paragraph" style:class="text"/>
  <style:style style:name="Heading" style:family="paragraph" style:parent-style-name="Standard" style:next-style-name="Text_20_body" style:class="text">
   <style:paragraph-properties fo:margin-top="0.1665in" fo:margin-bottom="0.0835in" loext:contextual-spacing="false" fo:keep-with-next="always"/>
   <style:text-properties style:font-name="Liberation Sans" fo:font-family="&apos;Liberation Sans&apos;" style:font-family-generic="swiss" style:font-pitch="variable" fo:font-size="14pt" style:font-name-asian="DejaVu Sans" style:font-family-asian="&apos;DejaVu Sans&apos;" style:font-family-generic-asian="system" style:font-pitch-asian="variable" style:font-size-asian="14pt" style:font-name-complex="DejaVu Sans" style:font-family-complex="&apos;DejaVu Sans&apos;" style:font-family-generic-complex="system" style:font-pitch-complex="variable" style:font-size-complex="14pt"/>
  </style:style>
  <style:style style:name="Text_20_body" style:display-name="Text body" style:family="paragraph" style:parent-style-name="Standard" style:class="text">
   <style:paragraph-properties fo:margin-top="0in" fo:margin-bottom="0.0972in" loext:contextual-spacing="false" fo:line-height="115%"/>
  </style:style>
  <style:style style:name="List" style:family="paragraph" style:parent-style-name="Text_20_body" style:class="list">
   <style:text-properties style:font-size-asian="12pt"/>
  </style:style>
  <style:style style:name="Caption" style:family="paragraph" style:parent-style-name="Standard" style:class="extra">
   <style:paragraph-properties fo:margin-top="0.0835in" fo:margin-bottom="0.0835in" loext:contextual-spacing="false" text:number-lines="false" text:line-number="0"/>
   <style:text-properties fo:font-size="12pt" fo:font-style="italic" style:font-size-asian="12pt" style:font-style-asian="italic" style:font-size-complex="12pt" style:font-style-complex="italic"/>
  </style:style>
  <style:style style:name="Index" style:family="paragraph" style:parent-style-name="Standard" style:class="index">
   <style:paragraph-properties text:number-lines="false" text:line-number="0"/>
   <style:text-properties style:font-size-asian="12pt"/>
  </style:style>
  <style:style style:name="Preformatted_20_Text" style:display-name="Preformatted Text" style:family="paragraph" style:parent-style-name="Standard" style:class="html">
   <style:paragraph-properties fo:margin-top="0in" fo:margin-bottom="0in" loext:contextual-spacing="false"/>
   <style:text-properties style:font-name="Liberation Mono" fo:font-family="&apos;Liberation Mono&apos;" style:font-family-generic="modern" style:font-pitch="fixed" fo:font-size="10pt" style:font-name-asian="DejaVu Sans Mono" style:font-family-asian="&apos;DejaVu Sans Mono&apos;" style:font-family-generic-asian="modern" style:font-pitch-asian="fixed" style:font-size-asian="10pt" style:font-name-complex="Liberation Mono" style:font-family-complex="&apos;Liberation Mono&apos;" style:font-family-generic-complex="modern" style:font-pitch-complex="fixed" style:font-size-complex="10pt"/>
  </style:style>
  <text:outline-style style:name="Outline">
   <text:outline-level-style text:level="1" style:num-format="">
    <style:list-level-properties text:list-level-position-and-space-mode="label-alignment">
     <style:list-level-label-alignment text:label-followed-by="listtab"/>
    </style:list-level-properties>
   </text:outline-level-style>
   <text:outline-level-style text:level="2" style:num-format="">
    <style:list-level-properties text:list-level-position-and-space-mode="label-alignment">
     <style:list-level-label-alignment text:label-followed-by="listtab"/>
    </style:list-level-properties>
   </text:outline-level-style>
   <text:outline-level-style text:level="3" style:num-format="">
    <style:list-level-properties text:list-level-position-and-space-mode="label-alignment">
     <style:list-level-label-alignment text:label-followed-by="listtab"/>
    </style:list-level-properties>
   </text:outline-level-style>
   <text:outline-level-style text:level="4" style:num-format="">
    <style:list-level-properties text:list-level-position-and-space-mode="label-alignment">
     <style:list-level-label-alignment text:label-followed-by="listtab"/>
    </style:list-level-properties>
   </text:outline-level-style>
   <text:outline-level-style text:level="5" style:num-format="">
    <style:list-level-properties text:list-level-position-and-space-mode="label-alignment">
     <style:list-level-label-alignment text:label-followed-by="listtab"/>
    </style:list-level-properties>
   </text:outline-level-style>
   <text:outline-level-style text:level="6" style:num-format="">
    <style:list-level-properties text:list-level-position-and-space-mode="label-alignment">
     <style:list-level-label-alignment text:label-followed-by="listtab"/>
    </style:list-level-properties>
   </text:outline-level-style>
   <text:outline-level-style text:level="7" style:num-format="">
    <style:list-level-properties text:list-level-position-and-space-mode="label-alignment">
     <style:list-level-label-alignment text:label-followed-by="listtab"/>
    </style:list-level-properties>
   </text:outline-level-style>
   <text:outline-level-style text:level="8" style:num-format="">
    <style:list-level-properties text:list-level-position-and-space-mode="label-alignment">
     <style:list-level-label-alignment text:label-followed-by="listtab"/>
    </style:list-level-properties>
   </text:outline-level-style>
   <text:outline-level-style text:level="9" style:num-format="">
    <style:list-level-properties text:list-level-position-and-space-mode="label-alignment">
     <style:list-level-label-alignment text:label-followed-by="listtab"/>
    </style:list-level-properties>
   </text:outline-level-style>
   <text:outline-level-style text:level="10" style:num-format="">
    <style:list-level-properties text:list-level-position-and-space-mode="label-alignment">
     <style:list-level-label-alignment text:label-followed-by="listtab"/>
    </style:list-level-properties>
   </text:outline-level-style>
  </text:outline-style>
  <text:notes-configuration text:note-class="footnote" style:num-format="1" text:start-value="0" text:footnotes-position="page" text:start-numbering-at="document"/>
  <text:notes-configuration text:note-class="endnote" style:num-format="i" text:start-value="0"/>
  <text:linenumbering-configuration text:number-lines="false" text:offset="0.1965in" style:num-format="1" text:number-position="left" text:increment="5"/>
 </office:styles>
 <office:automatic-styles>
  <style:page-layout style:name="pm1">
   <style:page-layout-properties fo:page-width="8.2681in" fo:page-height="11.6929in" style:num-format="1" style:print-orientation="portrait" fo:margin-top="0.7874in" fo:margin-bottom="0.7874in" fo:margin-left="0.7874in" fo:margin-right="0.7874in" style:writing-mode="lr-tb" style:footnote-max-height="0in">
    <style:footnote-sep style:width="0.0071in" style:distance-before-sep="0.0398in" style:distance-after-sep="0.0398in" style:line-style="solid" style:adjustment="left" style:rel-width="25%" style:color="#000000"/>
   </style:page-layout-properties>
   <style:header-style/>
   <style:footer-style/>
  </style:page-layout>
 </office:automatic-styles>
 <office:master-styles>
  <style:master-page style:name="Standard" style:page-layout-name="pm1"/>
 </office:master-styles>
 <office:body>
  <office:text text:use-soft-page-breaks="true">
   <text:sequence-decls>
    <text:sequence-decl text:display-outline-level="0" text:name="Illustration"/>
    <text:sequence-decl text:display-outline-level="0" text:name="Table"/>
    <text:sequence-decl text:display-outline-level="0" text:name="Text"/>
    <text:sequence-decl text:display-outline-level="0" text:name="Drawing"/>
   </text:sequence-decls>
   <text:p text:style-name="Preformatted_20_Text">COMPROBANTE<text:tab/>SERIE_COMPROBANTE<text:tab/>RUC_EMISOR<text:tab/>RAZON_SOCIAL_EMISOR<text:tab/>FECHA_EMISION<text:tab/>FECHA_AUTORIZACION<text:tab/>TIPO_EMISION<text:tab/>IDENTIFICACION_RECEPTOR<text:tab/>CLAVE_ACCESO<text:tab/>NUMERO_AUTORIZACION</text:p>
   <text:p text:style-name="Preformatted_20_Text">IMPORTE_TOTAL</text:p>
   <text:p text:style-name="Preformatted_20_Text">Comprobante de Retención<text:tab/>001-001-000003112<text:tab/>1790930777001<text:tab/>Aero Express del Ecuador TRANSAM C. Ltda<text:tab/>01/03/2017<text:tab/>15/03/2017 16:23:50<text:tab/>NORMAL<text:tab/>3085724744<text:tab/>1792613353001<text:tab/>0103201707179093077700120010010000031129191943811<text:tab/>0103201707179093077700120010010000031129191943811</text:p>
   <text:p text:style-name="Preformatted_20_Text"/>
   <text:p text:style-name="Preformatted_20_Text">Factura<text:tab/>004-904-000140547<text:tab/>1790041220001<text:tab/>COMERCIAL KYWI S.A.<text:tab/>03/03/2017<text:tab/>03/03/2017 17:09:30<text:tab/>NORMAL<text:tab/><text:tab/>1792613353001<text:tab/>0303201701179004122000120049040001405471790041210<text:tab/>0303201701200490400014054717900412205</text:p>
   <text:p text:style-name="Preformatted_20_Text">16.77</text:p>
   <text:p text:style-name="Preformatted_20_Text">Factura<text:tab/>015-079-000037939<text:tab/>1792060346001<text:tab/>MEGA SANTAMARIA S.A.<text:tab/>04/03/2017<text:tab/>05/03/2017 01:15:30<text:tab/>NORMAL<text:tab/><text:tab/>1792613353001<text:tab/>0403201701179206034600120150790000379395658032314<text:tab/>0403201701179206034600120150790000379395658032314</text:p>
   <text:p text:style-name="Preformatted_20_Text">3.85</text:p>
   <text:p text:style-name="Preformatted_20_Text">Factura<text:tab/>044-115-000099211<text:tab/>1790016919001<text:tab/>CORPORACION FAVORITA C.A.<text:tab/>05/03/2017<text:tab/>06/03/2017 05:34:46<text:tab/>NORMAL<text:tab/><text:tab/>1792613353001<text:tab/>0503201701179001691900120441150000992110141020917<text:tab/>0503201701179001691900120441150000992110141020917</text:p>
   <text:p text:style-name="Preformatted_20_Text">16.29</text:p>
   <text:p text:style-name="Preformatted_20_Text">Factura<text:tab/>001-327-032911223<text:tab/>1791256115001<text:tab/>OTECEL S. A.<text:tab/>08/03/2017<text:tab/>08/03/2017 20:32:27<text:tab/>NORMAL<text:tab/><text:tab/>1792613353001<text:tab/>0803201701179125611500120013270329112233056070218<text:tab/>0803201701200132703291122317912561152</text:p>
   <text:p text:style-name="Preformatted_20_Text">32.78</text:p>
   <text:p text:style-name="Preformatted_20_Text">Factura<text:tab/>001-003-000000738<text:tab/>1792175089001<text:tab/>BROLOG CÍA. LTDA.<text:tab/>08/03/2017<text:tab/>08/03/2017 08:28:39<text:tab/>NORMAL<text:tab/><text:tab/>1792613353001<text:tab/>0803201701179217508900120010030000007380000073815<text:tab/>0803201701179217508900120010030000007380000073815</text:p>
   <text:p text:style-name="Preformatted_20_Text">114</text:p>
   <text:p text:style-name="Preformatted_20_Text">Factura<text:tab/>010-011-000165567<text:tab/>1791308832001<text:tab/>ARCGOLD DEL ECUADOR S.A.<text:tab/>09/03/2017<text:tab/>09/03/2017 15:01:22<text:tab/>NORMAL<text:tab/><text:tab/>1792613353001<text:tab/>0903201701179130883200120100110001655670016556714<text:tab/>0903201701201001100016556717913088320</text:p>
   <text:p text:style-name="Preformatted_20_Text">5.8</text:p>
   <text:p text:style-name="Preformatted_20_Text">Comprobante de Retención<text:tab/>001-101-000012323<text:tab/>1790546667001<text:tab/>DHL Express Ecuador<text:tab/>10/03/2017<text:tab/>23/03/2017 16:45:22<text:tab/>NORMAL<text:tab/>3120554570<text:tab/>1792613353001<text:tab/>1003201707179054666700120011010000123230001232311<text:tab/>1003201707200110100001232317905466671</text:p>
   <text:p text:style-name="Preformatted_20_Text"/>
   <text:p text:style-name="Preformatted_20_Text">Comprobante de Retención<text:tab/>001-101-000012375<text:tab/>1790546667001<text:tab/>DHL Express Ecuador<text:tab/>10/03/2017<text:tab/>23/03/2017 16:46:29<text:tab/>NORMAL<text:tab/>3120559571<text:tab/>1792613353001<text:tab/>1003201707179054666700120011010000123750001237511<text:tab/>1003201707200110100001237517905466677</text:p>
   <text:p text:style-name="Preformatted_20_Text"/>
   <text:p text:style-name="Preformatted_20_Text"><text:soft-page-break/>Comprobante de Retención<text:tab/>001-101-000012243<text:tab/>1790546667001<text:tab/>DHL Express Ecuador<text:tab/>10/03/2017<text:tab/>17/03/2017 21:02:30<text:tab/>NORMAL<text:tab/>3096006778<text:tab/>1792613353001<text:tab/>1003201707179054666700120011010000122430001224312<text:tab/>1003201707200110100001224317905466679</text:p>
   <text:p text:style-name="Preformatted_20_Text"/>
   <text:p text:style-name="Preformatted_20_Text">Comprobante de Retención<text:tab/>001-101-000012261<text:tab/>1790546667001<text:tab/>DHL Express Ecuador<text:tab/>10/03/2017<text:tab/>17/03/2017 21:03:13<text:tab/>NORMAL<text:tab/>3096009759<text:tab/>1792613353001<text:tab/>1003201707179054666700120011010000122610001226119<text:tab/>1003201707200110100001226117905466677</text:p>
   <text:p text:style-name="Preformatted_20_Text"/>
   <text:p text:style-name="Preformatted_20_Text">Factura<text:tab/>011-901-000020422<text:tab/>1790202321001<text:tab/>NATIONAL TIRE EXPERTS SA<text:tab/>11/03/2017<text:tab/>11/03/2017 12:51:03<text:tab/>NORMAL<text:tab/><text:tab/>1792613353001<text:tab/>1103201701179020232100120119010000204220002042216<text:tab/>1103201701201190100002042217902023210</text:p>
   <text:p text:style-name="Preformatted_20_Text">4.92</text:p>
   <text:p text:style-name="Preformatted_20_Text">Factura<text:tab/>012-040-001339718<text:tab/>1768153530001<text:tab/>EMPRESA PUBLICA DE HIDROCARBUROS DEL ECUADOR EP PETROECUADOR<text:tab/>11/03/2017<text:tab/>11/03/2017 14:26:31<text:tab/>NORMAL<text:tab/><text:tab/>1792613353001<text:tab/>1103201701176815353000120120400013397185897458919<text:tab/>1103201701176815353000120120400013397185897458919</text:p>
   <text:p text:style-name="Preformatted_20_Text">10</text:p>
   <text:p text:style-name="Preformatted_20_Text">Factura<text:tab/>145-040-000007881<text:tab/>1791415132001<text:tab/>INT FOOD SERVICES CORP<text:tab/>11/03/2017<text:tab/>05/04/2017 12:42:12<text:tab/>NORMAL<text:tab/><text:tab/>1792613353001<text:tab/>1103201701179141513200121450400000078814126153310<text:tab/>1103201701179141513200121450400000078814126153310</text:p>
   <text:p text:style-name="Preformatted_20_Text">23.75</text:p>
   <text:p text:style-name="Preformatted_20_Text">Factura<text:tab/>001-007-000151713<text:tab/>1792476615001<text:tab/>E/S GRUPO LLANO GRANDE<text:tab/>13/03/2017<text:tab/>15/03/2017 12:07:53<text:tab/>NORMAL<text:tab/><text:tab/>1792613353001<text:tab/>1303201701179247661500120010070001517131234567815<text:tab/>1303201701200100700015171317924766151</text:p>
   <text:p text:style-name="Preformatted_20_Text">15</text:p>
   <text:p text:style-name="Preformatted_20_Text">Factura<text:tab/>045-002-000049667<text:tab/>1790646483001<text:tab/>SOCIEDAD DE TURISMO SODETUR S.A.<text:tab/>14/03/2017<text:tab/>15/03/2017 16:07:53<text:tab/>NORMAL<text:tab/><text:tab/>1792613353001<text:tab/>1403201701179064648300120450020000496670000496615<text:tab/>1403201701204500200004966717906464834</text:p>
   <text:p text:style-name="Preformatted_20_Text">10.5</text:p>
   <text:p text:style-name="Preformatted_20_Text">Factura<text:tab/>001-905-000165233<text:tab/>1790041220001<text:tab/>COMERCIAL KYWI S.A.<text:tab/>14/03/2017<text:tab/>14/03/2017 14:51:13<text:tab/>NORMAL<text:tab/><text:tab/>1792613353001<text:tab/>1403201701179004122000120019050001652331790041219<text:tab/>1403201701200190500016523317900412201</text:p>
   <text:p text:style-name="Preformatted_20_Text">84.59</text:p>
   <text:p text:style-name="Preformatted_20_Text">Factura<text:tab/>012-040-001352142<text:tab/>1768153530001<text:tab/>EMPRESA PUBLICA DE HIDROCARBUROS DEL ECUADOR EP PETROECUADOR<text:tab/>15/03/2017<text:tab/>15/03/2017 11:58:15<text:tab/>NORMAL<text:tab/><text:tab/>1792613353001<text:tab/>1503201701176815353000120120400013521425897458913<text:tab/>1503201701176815353000120120400013521425897458913</text:p>
   <text:p text:style-name="Preformatted_20_Text">28</text:p>
   <text:p text:style-name="Preformatted_20_Text">Comprobante de Retención<text:tab/>001-001-000003128<text:tab/>1790930777001<text:tab/>Aero Express del Ecuador TRANSAM C. Ltda<text:tab/>15/03/2017<text:tab/>20/03/2017 16:10:09<text:tab/>NORMAL<text:tab/>3106364616<text:tab/>1792613353001<text:tab/>1503201707179093077700120010010000031281281347610<text:tab/>1503201707179093077700120010010000031281281347610</text:p>
   <text:p text:style-name="Preformatted_20_Text"/>
   <text:p text:style-name="Preformatted_20_Text">Factura<text:tab/>039-004-000259442<text:tab/>1791308832001<text:tab/>ARCGOLD DEL ECUADOR S.A.<text:tab/>17/03/2017<text:tab/>17/03/2017 17:41:17<text:tab/>NORMAL<text:tab/><text:tab/>1792613353001<text:tab/>1703201701179130883200120390040002594420025944214<text:tab/>1703201701203900400025944217913088329</text:p>
   <text:p text:style-name="Preformatted_20_Text"><text:soft-page-break/>21</text:p>
   <text:p text:style-name="Preformatted_20_Text">Factura<text:tab/>002-006-000103724<text:tab/>1792429846001<text:tab/>ECOSYNC S.A.<text:tab/>17/03/2017<text:tab/>17/03/2017 19:41:18<text:tab/>NORMAL<text:tab/><text:tab/>1792613353001<text:tab/>1703201701179242984600120020060001037240022200610<text:tab/>1703201701200200600010372417924298462</text:p>
   <text:p text:style-name="Preformatted_20_Text">14</text:p>
   <text:p text:style-name="Preformatted_20_Text">Comprobante de Retención<text:tab/>001-101-000012381<text:tab/>1790546667001<text:tab/>DHL Express Ecuador<text:tab/>17/03/2017<text:tab/>23/03/2017 16:46:42<text:tab/>NORMAL<text:tab/>3120560453<text:tab/>1792613353001<text:tab/>1703201707179054666700120011010000123810001238111<text:tab/>1703201707200110100001238117905466674</text:p>
   <text:p text:style-name="Preformatted_20_Text"/>
   <text:p text:style-name="Preformatted_20_Text">Factura<text:tab/>001-903-000142786<text:tab/>1790041220001<text:tab/>COMERCIAL KYWI S.A.<text:tab/>18/03/2017<text:tab/>18/03/2017 09:42:20<text:tab/>NORMAL<text:tab/><text:tab/>1792613353001<text:tab/>1803201701179004122000120019030001427861790041219<text:tab/>1803201701200190300014278617900412201</text:p>
   <text:p text:style-name="Preformatted_20_Text">11.3</text:p>
   <text:p text:style-name="Preformatted_20_Text">Factura<text:tab/>001-906-000234951<text:tab/>1790041220001<text:tab/>COMERCIAL KYWI S.A.<text:tab/>18/03/2017<text:tab/>18/03/2017 09:26:52<text:tab/>NORMAL<text:tab/><text:tab/>1792613353001<text:tab/>1803201701179004122000120019060002349511790041215<text:tab/>1803201701200190600023495117900412201</text:p>
   <text:p text:style-name="Preformatted_20_Text">67.53</text:p>
   <text:p text:style-name="Preformatted_20_Text">Factura<text:tab/>011-001-000279141<text:tab/>1792239710001<text:tab/>TIECONE S.A.<text:tab/>18/03/2017<text:tab/>18/03/2017 14:16:08<text:tab/>NORMAL<text:tab/><text:tab/>1792613353001<text:tab/>1803201701179223971000120110010002791415658032311<text:tab/>1803201701201100100027914117922397108</text:p>
   <text:p text:style-name="Preformatted_20_Text">2.77</text:p>
   <text:p text:style-name="Preformatted_20_Text">Factura<text:tab/>011-001-000279288<text:tab/>1792239710001<text:tab/>TIECONE S.A.<text:tab/>18/03/2017<text:tab/>18/03/2017 21:40:46<text:tab/>NORMAL<text:tab/><text:tab/>1792613353001<text:tab/>1803201701179223971000120110010002792885658032311<text:tab/>1803201701201100100027928817922397102</text:p>
   <text:p text:style-name="Preformatted_20_Text">13.32</text:p>
   <text:p text:style-name="Preformatted_20_Text">Factura<text:tab/>134-013-000110728<text:tab/>0991331859001<text:tab/>ATIMASA S.A.<text:tab/>19/03/2017<text:tab/>19/03/2017 10:10:49<text:tab/>NORMAL<text:tab/><text:tab/>1792613353001<text:tab/>1903201701099133185900121340130001107281357246815<text:tab/>1903201701213401300011072809913318595</text:p>
   <text:p text:style-name="Preformatted_20_Text">14</text:p>
   <text:p text:style-name="Preformatted_20_Text">Factura<text:tab/>020-902-000013407<text:tab/>0190072002001<text:tab/>GERARDO ORTIZ E HIJOS CIA LTDA<text:tab/>19/03/2017<text:tab/>19/03/2017 15:21:23<text:tab/>NORMAL<text:tab/><text:tab/>1792613353001<text:tab/>1903201701019007200200120209020000134078836323719<text:tab/>1903201701019007200200120209020000134078836323719</text:p>
   <text:p text:style-name="Preformatted_20_Text">73.67</text:p>
   <text:p text:style-name="Preformatted_20_Text">Factura<text:tab/>079-006-000398972<text:tab/>0991306498001<text:tab/>NUEVAS OPERACIONES COMERCIALES NUCOPSA S.A.<text:tab/>19/03/2017<text:tab/>19/03/2017 22:10:50<text:tab/>NORMAL<text:tab/><text:tab/>1792613353001<text:tab/>1903201701099130649800120790060003989721234567819<text:tab/>1903201701099130649800120790060003989721234567819</text:p>
   <text:p text:style-name="Preformatted_20_Text">15.95</text:p>
   <text:p text:style-name="Preformatted_20_Text">Factura<text:tab/>001-053-000016216<text:tab/>1711257517001<text:tab/>DELGADO LUNA LUIS HERIBERTO<text:tab/>20/03/2017<text:tab/>20/03/2017 12:56:47<text:tab/>NORMAL<text:tab/><text:tab/>1792613353001<text:tab/>2003201701171125751700120010530000162160001621617<text:tab/>2003201701171125751700120010530000162160001621617</text:p>
   <text:p text:style-name="Preformatted_20_Text">100.08</text:p>
   <text:p text:style-name="Preformatted_20_Text"><text:soft-page-break/>Factura<text:tab/>001-011-000098580<text:tab/>1707731038001<text:tab/>RAMOS SUASTI MONICA NARCISA REBECA<text:tab/>20/03/2017<text:tab/>20/03/2017 17:54:06<text:tab/>NORMAL<text:tab/><text:tab/>1792613353001<text:tab/>2003201701170773103800120010110000985801234567818<text:tab/>2003201701200101100009858017077310380</text:p>
   <text:p text:style-name="Preformatted_20_Text">10</text:p>
   <text:p text:style-name="Preformatted_20_Text">Factura<text:tab/>015-905-000137472<text:tab/>1790041220001<text:tab/>COMERCIAL KYWI S.A.<text:tab/>21/03/2017<text:tab/>21/03/2017 12:02:05<text:tab/>NORMAL<text:tab/><text:tab/>1792613353001<text:tab/>2103201701179004122000120159050001374721790041211<text:tab/>2103201701201590500013747217900412203</text:p>
   <text:p text:style-name="Preformatted_20_Text">33.29</text:p>
   <text:p text:style-name="Preformatted_20_Text">Factura<text:tab/>320-001-000215841<text:tab/>1791715772001<text:tab/>Econofarm S.A.<text:tab/>22/03/2017<text:tab/>22/03/2017 20:06:15<text:tab/>NORMAL<text:tab/><text:tab/>1792613353001<text:tab/>2203201701179171577200123200010002158415658032317<text:tab/>2203201701232000100021584117917157727</text:p>
   <text:p text:style-name="Preformatted_20_Text">9.24</text:p>
   <text:p text:style-name="Preformatted_20_Text">Factura<text:tab/>014-004-000249732<text:tab/>1791715772001<text:tab/>Econofarm S.A.<text:tab/>22/03/2017<text:tab/>22/03/2017 20:15:40<text:tab/>NORMAL<text:tab/><text:tab/>1792613353001<text:tab/>2203201701179171577200120140040002497325658032311<text:tab/>2203201701201400400024973217917157721</text:p>
   <text:p text:style-name="Preformatted_20_Text">9.23</text:p>
   <text:p text:style-name="Preformatted_20_Text">Factura<text:tab/>032-014-000053860<text:tab/>0991331859001<text:tab/>ATIMASA S.A.<text:tab/>24/03/2017<text:tab/>24/03/2017 15:50:13<text:tab/>NORMAL<text:tab/><text:tab/>1792613353001<text:tab/>2403201701099133185900120320140000538601357246815<text:tab/>2403201701203201400005386009913318594</text:p>
   <text:p text:style-name="Preformatted_20_Text">14</text:p>
   <text:p text:style-name="Preformatted_20_Text">Factura<text:tab/>014-004-000250929<text:tab/>1791715772001<text:tab/>Econofarm S.A.<text:tab/>26/03/2017<text:tab/>26/03/2017 16:23:46<text:tab/>NORMAL<text:tab/><text:tab/>1792613353001<text:tab/>2603201701179171577200120140040002509295658032312<text:tab/>2603201701201400400025092917917157723</text:p>
   <text:p text:style-name="Preformatted_20_Text">11.82</text:p>
   <text:p text:style-name="Preformatted_20_Text">Factura<text:tab/>012-040-001396733<text:tab/>1768153530001<text:tab/>EMPRESA PUBLICA DE HIDROCARBUROS DEL ECUADOR EP PETROECUADOR<text:tab/>27/03/2017<text:tab/>27/03/2017 20:19:46<text:tab/>NORMAL<text:tab/><text:tab/>1792613353001<text:tab/>2703201701176815353000120120400013967335897458910<text:tab/>2703201701176815353000120120400013967335897458910</text:p>
   <text:p text:style-name="Preformatted_20_Text">23</text:p>
   <text:p text:style-name="Preformatted_20_Text">Factura<text:tab/>022-012-000013426<text:tab/>0990299390001<text:tab/>MUEBLES EL BOSQUE S A<text:tab/>29/03/2017<text:tab/>29/03/2017 12:27:48<text:tab/>NORMAL<text:tab/><text:tab/>1792613353001<text:tab/>2903201701099029939000120220120000134267581117915<text:tab/>2903201701202201200001342609902993906</text:p>
   <text:p text:style-name="Preformatted_20_Text">1119.57</text:p>
   <text:p text:style-name="Preformatted_20_Text">Factura<text:tab/>022-012-000013430<text:tab/>0990299390001<text:tab/>MUEBLES EL BOSQUE S A<text:tab/>29/03/2017<text:tab/>29/03/2017 13:17:57<text:tab/>NORMAL<text:tab/><text:tab/>1792613353001<text:tab/>2903201701099029939000120220120000134304748275510<text:tab/>2903201701202201200001343009902993902</text:p>
   <text:p text:style-name="Preformatted_20_Text">1020.6</text:p>
   <text:p text:style-name="Preformatted_20_Text">Factura<text:tab/>001-115-000007875<text:tab/>1790012158001<text:tab/>EMPRESA DURINI INDUSTRIA DE MADERA C.A. EDIMCA<text:tab/>29/03/2017<text:tab/>29/03/2017 12:57:01<text:tab/>NORMAL<text:tab/><text:tab/>1792613353001<text:tab/>2903201701179001215800120011150000078758400000810<text:tab/>2903201701179001215800120011150000078758400000810</text:p>
   <text:p text:style-name="Preformatted_20_Text">.95</text:p>
   <text:p text:style-name="Preformatted_20_Text">Factura<text:tab/>001-007-000157673<text:tab/>1792476615001<text:tab/>E/S GRUPO LLANO GRANDE<text:tab/>29/03/2017<text:tab/>29/03/2017 21:21:09<text:tab/>NORMAL<text:tab/><text:tab/>1792613353001<text:tab/>2903201701179247661500120010070001576731234567819<text:tab/>2903201701200100700015767317924766158</text:p>
   <text:p text:style-name="Preformatted_20_Text"><text:soft-page-break/>14</text:p>
   <text:p text:style-name="Preformatted_20_Text">Notas de Crédito<text:tab/>001-024-000010770<text:tab/>0990299390001<text:tab/>MUEBLES EL BOSQUE S A<text:tab/>29/03/2017<text:tab/>31/03/2017 16:32:05<text:tab/>NORMAL<text:tab/>022-012-000013426<text:tab/>1792613353001<text:tab/>2903201704099029939000120010240000107707364430510<text:tab/>2903201704200102400001077009902993908</text:p>
   <text:p text:style-name="Preformatted_20_Text"/>
   <text:p text:style-name="Preformatted_20_Text">Factura<text:tab/>020-908-000091958<text:tab/>0190072002001<text:tab/>GERARDO ORTIZ E HIJOS CIA LTDA<text:tab/>30/03/2017<text:tab/>30/03/2017 17:03:06<text:tab/>NORMAL<text:tab/><text:tab/>1792613353001<text:tab/>3003201701019007200200120209080000919585722412511<text:tab/>3003201701019007200200120209080000919585722412511</text:p>
   <text:p text:style-name="Preformatted_20_Text">26.41</text:p>
   <text:p text:style-name="Preformatted_20_Text">Factura<text:tab/>001-906-000238399<text:tab/>1790041220001<text:tab/>COMERCIAL KYWI S.A.<text:tab/>30/03/2017<text:tab/>30/03/2017 13:42:18<text:tab/>NORMAL<text:tab/><text:tab/>1792613353001<text:tab/>3003201701179004122000120019060002383991790041219<text:tab/>3003201701200190600023839917900412201</text:p>
   <text:p text:style-name="Preformatted_20_Text">57.08</text:p>
   <text:p text:style-name="Preformatted_20_Text">Factura<text:tab/>001-002-000038017<text:tab/>1790532666001<text:tab/>Grupo Acercons<text:tab/>30/03/2017<text:tab/>30/03/2017 15:49:28<text:tab/>NORMAL<text:tab/><text:tab/>1792613353001<text:tab/>3003201701179053266600120010020000380170000000017<text:tab/>3003201701200100200003801717905326662</text:p>
   <text:p text:style-name="Preformatted_20_Text">9.58</text:p>
   <text:p text:style-name="Preformatted_20_Text">Factura<text:tab/>001-002-000256306<text:tab/>1791847652001<text:tab/>Servicios de Telecomunicaciones Setel S.A.<text:tab/>31/03/2017<text:tab/>31/03/2017 16:21:56<text:tab/>NORMAL<text:tab/><text:tab/>1792613353001<text:tab/>3103201701179184765200120010020002563063116201912<text:tab/>3103201701179184765200120010020002563063116201912</text:p>
   <text:p text:style-name="Preformatted_20_Text">.35</text:p>
   <text:p text:style-name="Preformatted_20_Text">Factura<text:tab/>001-171-000602822<text:tab/>1790010937001<text:tab/>BANCO PICHINCHA C.A.<text:tab/>31/03/2017<text:tab/>07/04/2017 18:57:36<text:tab/>NORMAL<text:tab/><text:tab/>1792613353001<text:tab/>3103201701179001093700120011710006028220199928812<text:tab/>3103201701200117100060282217900109373</text:p>
   <text:p text:style-name="Preformatted_20_Text">.62</text:p>
   <text:p text:style-name="Preformatted_20_Text">Factura<text:tab/>001-001-000002308<text:tab/>1792325293001<text:tab/>MYMCCTL CONSULTORES CONTABLES TRIBUTARIOS LEGALES CIA LTDA<text:tab/>31/03/2017<text:tab/>05/04/2017 14:05:27<text:tab/>NORMAL<text:tab/><text:tab/>1792613353001<text:tab/>3103201701179232529300120010010000023081234567810<text:tab/>3103201701179232529300120010010000023081234567810</text:p>
   <text:p text:style-name="Preformatted_20_Text">399</text:p>
   <text:p text:style-name="Preformatted_20_Text">Factura<text:tab/>003-002-000104564<text:tab/>1792179246001<text:tab/>GROUPKENNEDY CIA LTDA<text:tab/>31/03/2017<text:tab/>03/04/2017 17:01:10<text:tab/>NORMAL<text:tab/><text:tab/>1792613353001<text:tab/>3103201701179217924600120030020001045648765432116<text:tab/>3103201701200300200010456417921792467</text:p>
   <text:p text:style-name="Preformatted_20_Text">14.05</text:p>
   <text:p text:style-name="Preformatted_20_Text">Factura<text:tab/>003-002-000104565<text:tab/>1792179246001<text:tab/>GROUPKENNEDY CIA LTDA<text:tab/>31/03/2017<text:tab/>03/04/2017 17:01:14<text:tab/>NORMAL<text:tab/><text:tab/>1792613353001<text:tab/>3103201701179217924600120030020001045658765432111<text:tab/>3103201701200300200010456517921792461</text:p>
   <text:p text:style-name="Preformatted_20_Text">5.85</text:p>
  </office:text>
 </office:body>
</office:document>